Name,Team,billikenTeam,contract,salary,point_value,repl,par,PA,HR,R,RBI,SB,AVG,IP,W,SV,SO,ERA,WHIP,p_c,p_1b,p_2b,p_3b,p_ss,p_of,p_ci,p_mi,p_dh,ev,surplus
Shohei Ohtani,LAD,Louisville Sluggers,2,34,9.7,2.1,7.6,651,42,119,116,36,0.285,NA,NA,NA,NA,NA,NA,0,0,0,0,0,0,0,0,1,30.9,-3.1
Ronald Acuna Jr.,ATL,Westside Marauders,2026,46,8,1.5,6.5,553,25,101,73,39,0.293,NA,NA,NA,NA,NA,NA,0,0,0,0,0,1,0,0,0,27.2,-18.8
Fernando Tatis Jr.,SDP,Big Red Machine,2026,31,7.6,1.5,6.1,658,37,104,101,19,0.277,NA,NA,NA,NA,NA,NA,0,0,0,0,0,1,0,0,0,25.8,-5.2
Juan Soto,NYM,NA,NA,37,7,1.5,5.5,686,35,113,100,8,0.279,NA,NA,NA,NA,NA,NA,0,0,0,0,0,1,0,0,0,23.8,-13.2
Michael Harris II,ATL,National Pastime,2028,21,7,1.5,5.5,630,24,87,86,18,0.291,NA,NA,NA,NA,NA,NA,0,0,0,0,0,1,0,0,0,23.8,2.8
Chris Sale,ATL,Westside Marauders,2,13,6.4,0.9,5.5,NA,NA,NA,NA,NA,NA,182,14,0,224,3.03,1.09,NA,NA,NA,NA,NA,NA,NA,NA,NA,23.8,10.8
Mookie Betts,LAD,Erie Lakers,2,35,6.9,1.5,5.4,679,28,109,94,15,0.28,NA,NA,NA,NA,NA,NA,0,0,0,0,1,1,0,1,0,23.4,-11.6
Freddie Freeman,LAD,Erie Lakers,2025,39,6.9,1.5,5.4,665,24,97,92,11,0.292,NA,NA,NA,NA,NA,NA,0,1,0,0,0,0,1,0,0,23.4,-15.6
Elly De La Cruz,CIN,Hoosiers,Opt,5,7.4,2.1,5.300000000000001,665,25,98,88,54,0.258,NA,NA,NA,NA,NA,NA,0,0,0,0,1,0,0,1,0,23.1,18.1
Bryce Harper,PHI,Rebuilding Year,2025,43,6.8,1.5,5.3,665,31,98,96,10,0.282,NA,NA,NA,NA,NA,NA,0,1,0,0,0,0,1,0,0,23.1,-19.9
Kyle Tucker,CHC,Melonheads,1,40,6.6,1.5,5.1,665,30,96,95,21,0.27,NA,NA,NA,NA,NA,NA,0,0,0,0,0,1,0,0,0,22.4,-17.6
Corbin Carroll,ARI,Hoosiers,2029,26,6.6,1.5,5.1,672,23,108,84,38,0.259,NA,NA,NA,NA,NA,NA,0,0,0,0,0,1,0,0,0,22.4,-3.6
Paul Skenes,PIT,Melonheads,2,7,5.9,0.9,5,NA,NA,NA,NA,NA,NA,174,11,0,214,3.01,1.09,NA,NA,NA,NA,NA,NA,NA,NA,NA,22.1,15.1
Jackson Merrill,SDP,Louisville Sluggers,2,7,6.4,1.5,4.9,665,25,84,94,15,0.28,NA,NA,NA,NA,NA,NA,0,0,0,0,0,1,0,0,0,21.7,14.7
Trea Turner,PHI,NA,NA,30,6.9,2.1,4.800000000000001,672,23,97,81,24,0.282,NA,NA,NA,NA,NA,NA,0,0,0,0,1,0,0,1,0,21.4,-8.6
Jackson Chourio,MIL,Louisville Sluggers,2,15,6.2,1.5,4.7,644,24,88,84,27,0.268,NA,NA,NA,NA,NA,NA,0,0,0,0,0,1,0,0,0,21.1,6.1
Austin Riley,ATL,National Pastime,2,35,5.8,1.1,4.699999999999999,679,32,96,98,2,0.271,NA,NA,NA,NA,NA,NA,0,0,0,1,0,0,1,0,0,21.1,-13.9
Zack Wheeler,PHI,Melonheads,2,28,5.6,0.9,4.699999999999999,NA,NA,NA,NA,NA,NA,202,14,0,214,3.3,1.11,NA,NA,NA,NA,NA,NA,NA,NA,NA,21.1,-6.9
William Contreras,MIL,Melonheads,2026,11,5.1,0.4,4.699999999999999,626,23,83,83,7,0.272,NA,NA,NA,NA,NA,NA,1,0,0,0,0,0,0,0,1,21.1,10.1
Manny Machado,SDP,Hoosiers,2,25,5.6,1.1,4.5,651,29,82,99,8,0.266,NA,NA,NA,NA,NA,NA,0,0,0,1,0,0,1,0,1,20.4,-4.6
Edwin Diaz,NYM,Louisville Sluggers,2027,33,5.4,0.9,4.5,NA,NA,NA,NA,NA,NA,65,5,36,93,2.94,1.05,0,1,0,0,0,0,1,0,0,20.4,-12.6
Luis Arraez,SDP,Melonheads,Opt,15,5.7,1.5,4.2,644,8,80,59,7,0.306,NA,NA,NA,NA,NA,NA,0,1,1,0,0,0,1,1,1,19.4,4.4
Ryan Helsley,STL,Hoosiers,Opt,1,5.1,0.9,4.199999999999999,NA,NA,NA,NA,NA,NA,66,6,35,82,2.92,1.11,NA,NA,NA,NA,NA,NA,NA,NA,NA,19.4,18.4
Teoscar Hernandez,LAD,Free Birds,2,20,5.4,1.5,3.9000000000000004,651,30,83,102,9,0.262,NA,NA,NA,NA,NA,NA,0,0,0,0,0,1,0,0,0,18.4,-1.6
Francisco Lindor,NYM,NA,NA,33,6,2.1,3.9,686,28,101,89,23,0.259,NA,NA,NA,NA,NA,NA,0,0,0,0,1,0,0,1,0,18.4,-14.6
Yoshinobu Yamamoto,LAD,Blue Socks,2,26,4.7,0.9,3.8000000000000003,NA,NA,NA,NA,NA,NA,163,12,0,169,3.45,1.08,NA,NA,NA,NA,NA,NA,NA,NA,NA,18,-8
Oneil Cruz,PIT,Westside Marauders,2026,22,5.2,1.5,3.7,630,26,83,86,20,0.255,NA,NA,NA,NA,NA,NA,0,0,0,0,1,1,0,1,0,17.7,-4.3
Alec Bohm,PHI,Free Birds,2025,20,4.8,1.1,3.6999999999999997,616,17,72,80,5,0.28,NA,NA,NA,NA,NA,NA,0,0,0,1,0,0,1,0,0,17.7,-2.3
Raisel Iglesias,ATL,NA,NA,24,4.5,0.9,3.6,NA,NA,NA,NA,NA,NA,68,5,32,76,3.14,1.1,NA,NA,NA,NA,NA,NA,NA,NA,NA,17.3,-6.7
Tyler Glasnow,LAD,Hoosiers,2,11,4.4,0.9,3.5000000000000004,NA,NA,NA,NA,NA,NA,140,10,0,173,3.32,1.08,NA,NA,NA,NA,NA,NA,NA,NA,NA,17,6
Brenton Doyle,COL,Louisville Sluggers,2,10,5,1.5,3.5,665,23,85,80,28,0.249,NA,NA,NA,NA,NA,NA,0,0,0,0,0,1,0,0,0,17,7
Ketel Marte,ARI,NA,NA,29,5.6,2.1,3.4999999999999996,637,26,92,87,7,0.274,NA,NA,NA,NA,NA,NA,0,0,1,0,0,0,0,1,1,17,-12
Matt Olson,ATL,Free Birds,2027,38,4.9,1.5,3.4000000000000004,686,34,92,104,1,0.252,NA,NA,NA,NA,NA,NA,0,1,0,0,0,0,1,0,0,16.7,-21.3
James Wood,WSN,NA,NA,22,4.9,1.5,3.4000000000000004,602,21,79,77,18,0.263,NA,NA,NA,NA,NA,NA,0,0,0,0,0,1,0,0,0,16.7,-5.3
Christian Yelich,MIL,Erie Lakers,Opt,20,4.9,1.5,3.4000000000000004,574,17,81,65,23,0.265,NA,NA,NA,NA,NA,NA,0,0,0,0,0,1,0,0,1,16.7,-3.3
Josh Naylor,ARI,NA,NA,24,4.9,1.5,3.4000000000000004,609,23,72,93,7,0.266,NA,NA,NA,NA,NA,NA,0,1,0,0,0,0,1,0,0,16.7,-7.3
Corbin Burnes,ARI,NA,NA,27,4.3,0.9,3.4,NA,NA,NA,NA,NA,NA,188,13,0,188,3.33,1.17,NA,NA,NA,NA,NA,NA,NA,NA,NA,16.7,-10.3
Dylan Cease,SDP,Louisville Sluggers,2,12,4.3,0.9,3.4,NA,NA,NA,NA,NA,NA,185,13,0,218,3.46,1.18,NA,NA,NA,NA,NA,NA,NA,NA,NA,16.7,4.7
Sonny Gray,STL,Erie Lakers,2,21,4.3,0.9,3.4,NA,NA,NA,NA,NA,NA,181,13,0,191,3.42,1.15,NA,NA,NA,NA,NA,NA,NA,NA,NA,16.7,-4.3
Ryan Walker,SFG,Westside Marauders,2,1,4.3,0.9,3.4,NA,NA,NA,NA,NA,NA,68,5,28,81,3.04,1.12,NA,NA,NA,NA,NA,NA,NA,NA,NA,16.7,15.7
Gabriel Moreno,ARI,Erie Lakers,Opt,9,3.8,0.4,3.4,507,10,58,59,6,0.283,NA,NA,NA,NA,NA,NA,1,0,0,0,0,0,0,0,0,16.7,7.7
Mark Vientos,NYM,National Pastime,2,1,4.4,1.1,3.3000000000000003,665,32,82,100,1,0.249,NA,NA,NA,NA,NA,NA,0,0,0,1,0,0,1,0,0,16.3,15.3
Xavier Edwards,MIA,Louisville Sluggers,2,1,5.3,2.1,3.1999999999999997,588,5,72,48,32,0.285,NA,NA,NA,NA,NA,NA,0,0,0,0,1,0,0,1,0,16,15
Logan Webb,SFG,Hoosiers,2026,16,4.1,0.9,3.1999999999999997,NA,NA,NA,NA,NA,NA,201,13,0,171,3.32,1.19,NA,NA,NA,NA,NA,NA,NA,NA,NA,16,-0
Spencer Strider,ATL,Big Red Machine,2,37,4.1,0.9,3.1999999999999997,NA,NA,NA,NA,NA,NA,119,9,0,159,3.25,1.09,NA,NA,NA,NA,NA,NA,NA,NA,NA,16,-21
Jung Hoo Lee,SFG,Blue Socks,2,15,4.6,1.5,3.0999999999999996,616,11,68,69,6,0.287,NA,NA,NA,NA,NA,NA,0,0,0,0,0,1,0,0,0,15.6,0.6
Bryan Reynolds,PIT,Free Birds,2,22,4.6,1.5,3.0999999999999996,644,22,80,80,8,0.264,NA,NA,NA,NA,NA,NA,0,0,0,0,0,1,0,0,1,15.6,-6.4
Pete Alonso,NYM,NA,NA,33,4.5,1.5,3,665,35,88,102,4,0.241,NA,NA,NA,NA,NA,NA,0,1,0,0,0,0,1,0,0,15.3,-17.7
Seiya Suzuki,CHC,Hoosiers,Opt,16,4.5,1.5,3,560,21,71,72,11,0.264,NA,NA,NA,NA,NA,NA,0,0,0,0,0,1,0,0,1,15.3,-0.7
Roki Sasaki,LAD,NA,NA,14,3.9,0.9,3,NA,NA,NA,NA,NA,NA,135,11,0,169,3.48,1.12,NA,NA,NA,NA,NA,NA,NA,NA,NA,15.3,1.3
Tanner Scott,LAD,Melonheads,Opt,1,3.9,0.9,3,NA,NA,NA,NA,NA,NA,66,6,25,82,3.03,1.21,NA,NA,NA,NA,NA,NA,NA,NA,NA,15.3,14.3
Willson Contreras,STL,Louisville Sluggers,Opt,23,3.4,0.4,3,602,24,74,77,6,0.242,NA,NA,NA,NA,NA,NA,1,0,0,0,0,0,0,0,1,15.3,-7.7
Ozzie Albies,ATL,Rebuilding Year,2026,42,5.1,2.1,2.9999999999999996,658,23,86,87,12,0.263,NA,NA,NA,NA,NA,NA,0,0,1,0,0,0,0,1,0,15.3,-26.7
CJ Abrams,WSN,Melonheads,2027,16,5.1,2.1,2.9999999999999996,602,19,82,67,33,0.253,NA,NA,NA,NA,NA,NA,0,0,0,0,1,0,0,1,0,15.3,-0.7
Nolan Arenado,STL,Blue Socks,Opt,28,4.1,1.1,2.9999999999999996,658,22,72,87,3,0.26,NA,NA,NA,NA,NA,NA,0,0,0,1,0,0,1,0,0,15.3,-12.7
Marcell Ozuna,ATL,Big Red Machine,Opt,17,5,2.1,2.9,665,33,85,100,1,0.259,NA,NA,NA,NA,NA,NA,0,0,0,0,0,0,0,0,1,15,-2
Matt McLain,CIN,Hoosiers,Opt,1,4.9,2.1,2.8000000000000003,595,23,82,79,18,0.257,NA,NA,NA,NA,NA,NA,0,0,1,0,1,0,0,1,0,14.6,13.6
Ezequiel Tovar,COL,Erie Lakers,Opt,1,4.9,2.1,2.8000000000000003,686,24,83,89,9,0.261,NA,NA,NA,NA,NA,NA,0,0,0,0,1,0,0,1,0,14.6,13.6
Blake Snell,LAD,Melonheads,Opt,21,3.7,0.9,2.8000000000000003,NA,NA,NA,NA,NA,NA,160,11,0,209,3.45,1.21,NA,NA,NA,NA,NA,NA,NA,NA,NA,14.6,-6.4
Shota Imanaga,CHC,Melonheads,2,13,3.7,0.9,2.8000000000000003,NA,NA,NA,NA,NA,NA,172,11,0,174,3.58,1.14,NA,NA,NA,NA,NA,NA,NA,NA,NA,14.6,1.6
Pete Crow-Armstrong,CHC,Melonheads,Opt,1,4.3,1.5,2.8,560,16,72,68,30,0.246,NA,NA,NA,NA,NA,NA,0,0,0,0,0,1,0,0,0,14.6,13.6
Tommy Edman,LAD,Blue Socks,Opt,24,4.3,1.5,2.8,609,15,78,69,25,0.253,NA,NA,NA,NA,NA,NA,0,0,0,0,1,1,0,1,0,14.6,-9.4
Brendan Donovan,STL,National Pastime,2,10,4.3,1.5,2.8,595,13,70,65,6,0.279,NA,NA,NA,NA,NA,NA,0,0,1,0,0,1,0,1,0,14.6,4.6
Jake McCarthy,ARI,Westside Marauders,2,1,4.2,1.5,2.7,518,9,64,57,26,0.266,NA,NA,NA,NA,NA,NA,0,0,0,0,0,1,0,0,0,14.3,13.3
Lourdes Gurriel Jr.,ARI,Erie Lakers,2,13,4.2,1.5,2.7,560,17,64,73,5,0.272,NA,NA,NA,NA,NA,NA,0,0,0,0,0,1,0,0,0,14.3,1.3
Michael King,SDP,Big Red Machine,2,2,3.6,0.9,2.7,NA,NA,NA,NA,NA,NA,178,13,0,193,3.46,1.22,NA,NA,NA,NA,NA,NA,NA,NA,NA,14.3,12.3
Will Smith,LAD,NA,NA,15,3.1,0.4,2.7,501,19,65,66,2,0.251,NA,NA,NA,NA,NA,NA,1,0,0,0,0,0,0,0,0,14.3,-0.7
J.T. Realmuto,PHI,Westside Marauders,2,21,3.1,0.4,2.7,501,17,59,62,8,0.252,NA,NA,NA,NA,NA,NA,1,0,0,0,0,0,0,0,0,14.3,-6.7
Matt Chapman,SFG,Rebuilding Year,2,18,3.8,1.1,2.6999999999999997,679,26,86,83,10,0.241,NA,NA,NA,NA,NA,NA,0,0,0,1,0,0,1,0,0,14.3,-3.7
Ian Happ,CHC,Rebuilding Year,2,18,4.1,1.5,2.5999999999999996,672,23,88,80,12,0.247,NA,NA,NA,NA,NA,NA,0,0,0,0,0,1,0,0,0,14,-4
Nathaniel Lowe,WSN,NA,NA,13,4,1.5,2.5,623,18,70,73,2,0.268,NA,NA,NA,NA,NA,NA,0,1,0,0,0,0,1,0,0,13.6,0.6
Nick Castellanos,PHI,National Pastime,Opt,21,4,1.5,2.5,637,22,74,84,6,0.256,NA,NA,NA,NA,NA,NA,0,0,0,0,0,1,0,0,0,13.6,-7.4
Nico Hoerner,CHC,Free Birds,Opt,18,4.6,2.1,2.4999999999999996,560,8,67,54,26,0.276,NA,NA,NA,NA,NA,NA,0,0,1,0,0,0,0,1,0,13.6,-4.4
Luis Garcia Jr.,WSN,Hoosiers,2,10,4.6,2.1,2.4999999999999996,539,16,62,66,15,0.273,NA,NA,NA,NA,NA,NA,0,0,1,0,0,0,0,1,0,13.6,3.6
Jesus Sanchez,MIA,Blue Socks,2,1,3.9,1.5,2.4,539,21,63,71,10,0.256,NA,NA,NA,NA,NA,NA,0,0,0,0,0,1,0,0,0,13.3,12.3
Alec Burleson,STL,National Pastime,2,1,3.9,1.5,2.4,476,16,56,62,6,0.275,NA,NA,NA,NA,NA,NA,0,0,0,0,0,1,0,0,1,13.3,12.3
Trevor Megill,MIL,Erie Lakers,2,1,3.3,0.9,2.4,NA,NA,NA,NA,NA,NA,64,3,28,78,3.43,1.2,NA,NA,NA,NA,NA,NA,NA,NA,NA,13.3,12.3
Tyler Stephenson,CIN,NA,NA,12,2.8,0.4,2.4,490,15,59,61,1,0.258,NA,NA,NA,NA,NA,NA,1,0,0,0,0,0,0,0,0,13.3,1.3
Xander Bogaerts,SDP,Erie Lakers,Opt,25,4.4,2.1,2.3000000000000003,644,17,74,71,13,0.266,NA,NA,NA,NA,NA,NA,0,0,1,0,1,0,0,1,0,12.9,-12.1
Robert Suarez,SDP,Big Red Machine,2,9,3.2,0.9,2.3000000000000003,NA,NA,NA,NA,NA,NA,65,5,28,65,3.65,1.2,NA,NA,NA,NA,NA,NA,NA,NA,NA,12.9,3.9
Dylan Crews,WSN,Blue Socks,2,1,3.8,1.5,2.3,581,15,70,65,25,0.246,NA,NA,NA,NA,NA,NA,0,0,0,0,0,1,0,0,0,12.9,11.9
Joey Ortiz,MIL,Big Red Machine,2,6,3.4,1.1,2.3,630,14,74,71,12,0.25,NA,NA,NA,NA,NA,NA,0,0,0,1,0,0,1,0,0,12.9,6.9
Connor Norby,MIA,Blue Socks,2,1,3.4,1.1,2.3,588,18,78,67,9,0.248,NA,NA,NA,NA,NA,NA,0,0,1,1,0,0,1,1,0,12.9,11.9
Heliot Ramos,SFG,Hoosiers,2,1,3.7,1.5,2.2,602,22,72,78,7,0.251,NA,NA,NA,NA,NA,NA,0,0,0,0,0,1,0,0,0,12.6,11.6
Jurickson Profar,ATL,Blue Socks,2,2,3.7,1.5,2.2,637,15,82,67,7,0.258,NA,NA,NA,NA,NA,NA,0,0,0,0,0,1,0,0,0,12.6,10.6
Aaron Nola,PHI,NA,NA,20,3.1,0.9,2.2,NA,NA,NA,NA,NA,NA,188,12,0,185,3.84,1.17,NA,NA,NA,NA,NA,NA,NA,NA,NA,12.6,-7.4
Reynaldo Lopez,ATL,Free Birds,2,4,3.1,0.9,2.2,NA,NA,NA,NA,NA,NA,173,11,0,184,3.57,1.22,NA,NA,NA,NA,NA,NA,NA,NA,NA,12.6,8.6
Justin Steele,CHC,Erie Lakers,2027,16,3.1,0.9,2.2,NA,NA,NA,NA,NA,NA,166,10,0,159,3.46,1.19,NA,NA,NA,NA,NA,NA,NA,NA,NA,12.6,-3.4
Masyn Winn,STL,Westside Marauders,2,11,4.3,2.1,2.1999999999999997,665,16,88,70,14,0.258,NA,NA,NA,NA,NA,NA,0,0,0,0,1,0,0,1,0,12.6,1.6
Bryson Stott,PHI,Erie Lakers,Opt,15,4.3,2.1,2.1999999999999997,602,13,71,65,26,0.258,NA,NA,NA,NA,NA,NA,0,0,1,0,0,0,0,1,0,12.6,-2.4
Brice Turang,MIL,National Pastime,2,7,4.3,2.1,2.1999999999999997,581,10,67,55,36,0.254,NA,NA,NA,NA,NA,NA,0,0,1,0,0,0,0,1,0,12.6,5.6
Ke'Bryan Hayes,PIT,NA,NA,11,3.3,1.1,2.1999999999999997,588,11,64,59,15,0.254,NA,NA,NA,NA,NA,NA,0,0,0,1,0,0,1,0,0,12.6,1.6
TJ Friedl,CIN,Free Birds,2026,11,3.6,1.5,2.1,567,17,71,66,16,0.248,NA,NA,NA,NA,NA,NA,0,0,0,0,0,1,0,0,0,12.3,1.3
Ryan McMahon,COL,Rebuilding Year,Opt,17,3.2,1.1,2.1,637,22,76,73,6,0.243,NA,NA,NA,NA,NA,NA,0,0,0,1,0,0,1,0,0,12.3,-4.7
Freddy Peralta,MIL,National Pastime,2,24,3,0.9,2.1,NA,NA,NA,NA,NA,NA,171,11,0,195,3.76,1.19,NA,NA,NA,NA,NA,NA,NA,NA,NA,12.3,-11.7
Spencer Schwellenbach,ATL,National Pastime,2,1,3,0.9,2.1,NA,NA,NA,NA,NA,NA,165,12,0,159,3.71,1.17,NA,NA,NA,NA,NA,NA,NA,NA,NA,12.3,11.3
Brandon Woodruff,MIL,NA,NA,12,3,0.9,2.1,NA,NA,NA,NA,NA,NA,153,9,0,170,3.61,1.15,NA,NA,NA,NA,NA,NA,NA,NA,NA,12.3,0.3
A.J. Puk,ARI,Blue Socks,2,3,3,0.9,2.1,NA,NA,NA,NA,NA,NA,64,5,17,78,3.26,1.17,NA,NA,NA,NA,NA,NA,NA,NA,NA,12.3,9.3
Keibert Ruiz,WSN,Blue Socks,2025,11,2.5,0.4,2.1,480,15,49,57,3,0.251,NA,NA,NA,NA,NA,NA,1,0,0,0,0,0,0,0,0,12.3,1.3
Nolan Jones,COL,Free Birds,Opt,6,3.5,1.5,2,518,16,63,63,11,0.256,NA,NA,NA,NA,NA,NA,0,0,0,0,0,1,0,0,0,11.9,5.9
Isiah Kiner-Falefa,PIT,Free Birds,2,3,3.1,1.1,2,553,7,58,50,15,0.263,NA,NA,NA,NA,NA,NA,0,0,1,1,1,0,1,1,0,11.9,8.9
Shohei Ohtani,LAD,Louisville Sluggers,2,34,2.9,0.9,2,NA,NA,NA,NA,NA,NA,123,9,0,137,3.63,1.15,0,0,0,0,0,0,0,0,1,11.9,-22.1
David Bednar,PIT,Free Birds,2,20,2.9,0.9,2,NA,NA,NA,NA,NA,NA,64,4,28,68,3.71,1.24,NA,NA,NA,NA,NA,NA,NA,NA,NA,11.9,-8.1
Ryan Pressly,CHC,NA,NA,12,2.9,0.9,2,NA,NA,NA,NA,NA,NA,61,3,25,63,3.38,1.2,NA,NA,NA,NA,NA,NA,NA,NA,NA,11.9,-0.1
Francisco Alvarez,NYM,Westside Marauders,Opt,1,2.4,0.4,2,488,22,59,68,2,0.234,NA,NA,NA,NA,NA,NA,1,0,0,0,0,0,0,0,0,11.9,10.9
Willy Adames,SFG,National Pastime,2026,27,4,2.1,1.9,672,24,83,84,14,0.243,NA,NA,NA,NA,NA,NA,0,0,0,0,1,0,0,1,0,11.6,-15.4
Kyle Schwarber,PHI,NA,NA,24,4,2.1,1.9,658,38,97,95,5,0.226,NA,NA,NA,NA,NA,NA,0,0,0,0,0,0,0,0,1,11.6,-12.4
Brandon Nimmo,NYM,NA,NA,13,3.4,1.5,1.9,581,17,76,67,8,0.252,NA,NA,NA,NA,NA,NA,0,0,0,0,0,1,0,0,0,11.6,-1.4
Lars Nootbaar,STL,Free Birds,2025,6,3.4,1.5,1.9,539,18,72,62,9,0.249,NA,NA,NA,NA,NA,NA,0,0,0,0,0,1,0,0,0,11.6,5.6
Sandy Alcantara,MIA,NA,NA,18,2.8,0.9,1.9,NA,NA,NA,NA,NA,NA,190,11,0,166,3.65,1.2,NA,NA,NA,NA,NA,NA,NA,NA,NA,11.6,-6.4
Hunter Greene,CIN,Westside Marauders,2,14,2.8,0.9,1.9,NA,NA,NA,NA,NA,NA,169,9,0,195,3.9,1.15,NA,NA,NA,NA,NA,NA,NA,NA,NA,11.6,-2.4
Zac Gallen,ARI,Westside Marauders,2,26,2.7,0.9,1.8000000000000003,NA,NA,NA,NA,NA,NA,170,12,0,167,3.69,1.23,NA,NA,NA,NA,NA,NA,NA,NA,NA,11.2,-14.8
Justin Martinez,ARI,Louisville Sluggers,2,1,2.7,0.9,1.8000000000000003,NA,NA,NA,NA,NA,NA,67,5,17,84,3.11,1.3,NA,NA,NA,NA,NA,NA,NA,NA,NA,11.2,10.2
Ivan Herrera,STL,National Pastime,2,2,2.2,0.4,1.8000000000000003,398,9,48,43,6,0.254,NA,NA,NA,NA,NA,NA,1,0,0,0,0,0,0,0,0,11.2,9.2
Dansby Swanson,CHC,NA,NA,19,3.9,2.1,1.7999999999999998,679,21,83,79,15,0.245,NA,NA,NA,NA,NA,NA,0,0,0,0,1,0,0,1,0,11.2,-7.8
Brandon Marsh,PHI,National Pastime,Opt,11,3.3,1.5,1.7999999999999998,539,15,64,63,16,0.247,NA,NA,NA,NA,NA,NA,0,0,0,0,0,1,0,0,0,11.2,0.2
Garrett Mitchell,MIL,Hoosiers,2,4,3.3,1.5,1.7999999999999998,476,15,60,60,20,0.242,NA,NA,NA,NA,NA,NA,0,0,0,0,0,1,0,0,0,11.2,7.2
Jacob Young,WSN,Erie Lakers,2,1,3.3,1.5,1.7999999999999998,560,4,67,47,31,0.249,NA,NA,NA,NA,NA,NA,0,0,0,0,0,1,0,0,0,11.2,10.2
Spencer Steer,CIN,Louisville Sluggers,Opt,6,3.3,1.5,1.7999999999999998,504,17,61,65,13,0.247,NA,NA,NA,NA,NA,NA,0,1,0,0,0,1,1,0,0,11.2,5.2
Jake Fraley,CIN,Free Birds,Opt,6,3.2,1.5,1.7000000000000002,448,12,51,51,19,0.254,NA,NA,NA,NA,NA,NA,0,0,0,0,0,1,0,0,0,10.9,4.9
Nestor Cortes,MIL,Hoosiers,1,9,2.6,0.9,1.7000000000000002,NA,NA,NA,NA,NA,NA,144,9,0,144,3.75,1.16,NA,NA,NA,NA,NA,NA,NA,NA,NA,10.9,1.9
Matt Strahm,PHI,Free Birds,2,2,2.6,0.9,1.7000000000000002,NA,NA,NA,NA,NA,NA,67,5,3,79,3.27,1.05,NA,NA,NA,NA,NA,NA,NA,NA,NA,10.9,8.9
Jordan Romano,PHI,NA,NA,11,2.6,0.9,1.7000000000000002,NA,NA,NA,NA,NA,NA,59,5,23,64,3.83,1.24,NA,NA,NA,NA,NA,NA,NA,NA,NA,10.9,-0.1
Jeimer Candelario,CIN,Melonheads,Opt,8,2.8,1.1,1.6999999999999997,518,20,61,68,4,0.242,NA,NA,NA,NA,NA,NA,0,1,0,1,0,0,1,0,1,10.9,2.9
Thairo Estrada,COL,Hoosiers,2,1,3.7,2.1,1.6,518,15,63,63,10,0.265,NA,NA,NA,NA,NA,NA,0,0,1,0,0,0,0,1,0,10.6,9.6
Austin Hays,CIN,NA,NA,7,3.1,1.5,1.6,511,17,61,61,4,0.256,NA,NA,NA,NA,NA,NA,0,0,0,0,0,1,0,0,0,10.6,3.6
Jordan Walker,STL,Westside Marauders,Opt,16,3,1.5,1.5,567,18,59,68,7,0.249,NA,NA,NA,NA,NA,NA,0,0,0,0,0,1,0,0,0,10.2,-5.8
Josh Bell,WSN,Rebuilding Year,Opt,16,3,1.5,1.5,581,20,64,70,1,0.25,NA,NA,NA,NA,NA,NA,0,1,0,0,0,0,1,0,1,10.2,-5.8
Eugenio Suarez,ARI,Westside Marauders,2,13,2.6,1.1,1.5,609,23,70,78,2,0.233,NA,NA,NA,NA,NA,NA,0,0,0,1,0,0,1,0,0,10.2,-2.8
Matt Shaw,CHC,NA,NA,12,3.5,2.1,1.4,518,16,62,64,17,0.248,NA,NA,NA,NA,NA,NA,NA,NA,NA,NA,NA,NA,NA,NA,NA,9.9,-2.1
Otto Lopez,MIA,Erie Lakers,2,1,3.5,2.1,1.4,483,6,54,46,16,0.275,NA,NA,NA,NA,NA,NA,0,0,1,0,0,0,0,1,0,9.9,8.9
Sal Frelick,MIL,Erie Lakers,Opt,1,2.9,1.5,1.4,448,6,53,43,13,0.267,NA,NA,NA,NA,NA,NA,0,0,0,0,0,1,0,0,0,9.9,8.9
Alexis Diaz,CIN,Westside Marauders,2026,11,2.3,0.9,1.4,NA,NA,NA,NA,NA,NA,65,4,28,69,4.15,1.29,NA,NA,NA,NA,NA,NA,NA,NA,NA,9.9,-1.1
Luis Campusano,SDP,Melonheads,Opt,4,1.8,0.4,1.4,322,10,38,40,1,0.254,NA,NA,NA,NA,NA,NA,1,0,0,0,0,0,0,0,0,9.9,5.9
Hunter Goodman,COL,National Pastime,2,4,1.8,0.4,1.4,319,15,38,47,2,0.238,NA,NA,NA,NA,NA,NA,1,0,0,0,0,1,0,0,0,9.9,5.9
Ranger Suarez,PHI,Erie Lakers,2,6,2.2,0.9,1.3000000000000003,NA,NA,NA,NA,NA,NA,166,11,0,149,3.62,1.26,NA,NA,NA,NA,NA,NA,NA,NA,NA,9.6,3.6
Kodai Senga,NYM,Big Red Machine,Opt,13,2.2,0.9,1.3000000000000003,NA,NA,NA,NA,NA,NA,160,10,0,173,3.65,1.26,NA,NA,NA,NA,NA,NA,NA,NA,NA,9.6,-3.4
Orion Kerkering,PHI,NA,NA,5,2.2,0.9,1.3000000000000003,NA,NA,NA,NA,NA,NA,63,4,5,72,3.17,1.13,NA,NA,NA,NA,NA,NA,NA,NA,NA,9.6,4.6
Jason Adam,SDP,NA,NA,5,2.2,0.9,1.3000000000000003,NA,NA,NA,NA,NA,NA,67,5,3,77,3.34,1.11,NA,NA,NA,NA,NA,NA,NA,NA,NA,9.6,4.6
Michael Toglia,COL,National Pastime,2,1,2.8,1.5,1.2999999999999998,567,26,69,74,8,0.226,NA,NA,NA,NA,NA,NA,0,1,0,0,0,0,1,0,0,9.6,8.6
Patrick Bailey,SFG,Erie Lakers,Opt,1,1.7,0.4,1.2999999999999998,506,12,54,52,4,0.236,NA,NA,NA,NA,NA,NA,1,0,0,0,0,0,0,0,0,9.6,8.6
Michael Busch,CHC,Big Red Machine,Opt,1,2.7,1.5,1.2000000000000002,553,20,71,69,2,0.24,NA,NA,NA,NA,NA,NA,0,1,0,0,0,0,1,0,0,9.2,8.2
Spencer Horwitz,PIT,Erie Lakers,1,1,2.7,1.5,1.2000000000000002,441,10,53,47,2,0.27,NA,NA,NA,NA,NA,NA,0,1,1,0,0,0,1,1,0,9.2,8.2
Cristopher Sanchez,PHI,Louisville Sluggers,Opt,1,2.1,0.9,1.2000000000000002,NA,NA,NA,NA,NA,NA,171,11,0,147,3.68,1.24,NA,NA,NA,NA,NA,NA,NA,NA,NA,9.2,8.2
Nick Pivetta,SDP,NA,NA,13,2.1,0.9,1.2000000000000002,NA,NA,NA,NA,NA,NA,154,10,0,171,4.04,1.2,NA,NA,NA,NA,NA,NA,NA,NA,NA,9.2,-3.8
Blake Treinen,LAD,Free Birds,2,1,2.1,0.9,1.2000000000000002,NA,NA,NA,NA,NA,NA,59,5,6,64,3.34,1.16,NA,NA,NA,NA,NA,NA,NA,NA,NA,9.2,8.2
Camilo Doval,SFG,Erie Lakers,2026,18,2.1,0.9,1.2000000000000002,NA,NA,NA,NA,NA,NA,62,5,10,75,3.31,1.25,NA,NA,NA,NA,NA,NA,NA,NA,NA,9.2,-8.8
Joey Bart,PIT,Hoosiers,2,1,1.6,0.4,1.2000000000000002,379,12,43,44,1,0.24,NA,NA,NA,NA,NA,NA,1,0,0,0,0,0,0,0,0,9.2,8.2
Tyler Fitzgerald,SFG,National Pastime,2,1,3.3,2.1,1.1999999999999997,588,20,73,73,19,0.234,NA,NA,NA,NA,NA,NA,0,0,0,0,1,0,0,1,0,9.2,8.2
Hyeseong Kim,LAD,NA,NA,7,3.2,2.1,1.1,392,5,45,39,15,0.279,NA,NA,NA,NA,NA,NA,0,0,1,0,0,0,0,1,0,8.9,1.9
Christian Encarnacion-Strand,CIN,Westside Marauders,Opt,1,2.6,1.5,1.1,364,16,45,55,2,0.257,NA,NA,NA,NA,NA,NA,0,1,0,0,0,0,1,0,0,8.9,7.9
Sean Murphy,ATL,National Pastime,Opt,18,1.5,0.4,1.1,365,14,42,47,0,0.234,NA,NA,NA,NA,NA,NA,1,0,0,0,0,0,0,0,0,8.9,-9.1
Endy Rodriguez,PIT,NA,NA,5,1.5,0.4,1.1,352,8,41,39,2,0.246,NA,NA,NA,NA,NA,NA,1,0,0,0,0,0,0,0,0,8.9,3.9
Michael Conforto,LAD,Big Red Machine,2,8,2.5,1.5,1,497,20,59,69,2,0.238,NA,NA,NA,NA,NA,NA,0,0,0,0,0,1,0,0,1,8.5,0.5
Max Muncy,LAD,Free Birds,2,19,2.1,1.1,1,546,25,74,74,3,0.214,NA,NA,NA,NA,NA,NA,0,0,0,1,0,0,1,0,0,8.5,-10.5
Brandon Pfaadt,ARI,Westside Marauders,2,10,1.9,0.9,0.9999999999999999,NA,NA,NA,NA,NA,NA,138,9,0,136,3.91,1.19,NA,NA,NA,NA,NA,NA,NA,NA,NA,8.5,-1.5
Robbie Ray,SFG,Free Birds,2,5,1.9,0.9,0.9999999999999999,NA,NA,NA,NA,NA,NA,151,9,0,161,3.91,1.22,NA,NA,NA,NA,NA,NA,NA,NA,NA,8.5,3.5
Jeremiah Estrada,SDP,Blue Socks,2,1,1.9,0.9,0.9999999999999999,NA,NA,NA,NA,NA,NA,63,4,3,85,3.26,1.18,NA,NA,NA,NA,NA,NA,NA,NA,NA,8.5,7.5
Kyle Finnegan,WSN,National Pastime,2,7,1.9,0.9,0.9999999999999999,NA,NA,NA,NA,NA,NA,64,4,22,61,3.97,1.3,NA,NA,NA,NA,NA,NA,NA,NA,NA,8.5,1.5
Jared Jones,PIT,Hoosiers,2,1,1.8,0.9,0.9,NA,NA,NA,NA,NA,NA,159,9,0,162,3.9,1.23,NA,NA,NA,NA,NA,NA,NA,NA,NA,8.2,7.2
Yu Darvish,SDP,Big Red Machine,2025,22,1.8,0.9,0.9,NA,NA,NA,NA,NA,NA,164,11,0,156,4.1,1.19,NA,NA,NA,NA,NA,NA,NA,NA,NA,8.2,-13.8
Matthew Boyd,CHC,NA,NA,7,1.8,0.9,0.9,NA,NA,NA,NA,NA,NA,122,8,0,124,3.79,1.21,NA,NA,NA,NA,NA,NA,NA,NA,NA,8.2,1.2
Kevin Ginkel,ARI,NA,NA,2,1.8,0.9,0.9,NA,NA,NA,NA,NA,NA,61,5,3,65,3.31,1.2,NA,NA,NA,NA,NA,NA,NA,NA,NA,8.2,6.2
Kirby Yates,LAD,NA,NA,8,1.8,0.9,0.9,NA,NA,NA,NA,NA,NA,60,5,9,73,3.59,1.25,NA,NA,NA,NA,NA,NA,NA,NA,NA,8.2,0.2
Geraldo Perdomo,ARI,Westside Marauders,2,2,3,2.1,0.8999999999999999,567,8,74,53,16,0.25,NA,NA,NA,NA,NA,NA,0,0,0,0,1,0,0,1,0,8.2,6.2
Jeff McNeil,NYM,Westside Marauders,2,21,3,2.1,0.8999999999999999,525,10,59,54,5,0.266,NA,NA,NA,NA,NA,NA,0,0,1,0,0,0,0,1,0,8.2,-12.8
Jake Cronenworth,SDP,NA,NA,12,2.4,1.5,0.8999999999999999,602,15,68,67,4,0.24,NA,NA,NA,NA,NA,NA,0,1,1,0,0,0,1,1,0,8.2,-3.8
Deyvison De Los Santos,MIA,NA,NA,5,2,1.1,0.8999999999999999,350,15,40,45,1,0.251,NA,NA,NA,NA,NA,NA,0,1,0,1,0,0,1,0,0,8.2,3.2
MacKenzie Gore,WSN,Blue Socks,2,4,1.7,0.9,0.7999999999999999,NA,NA,NA,NA,NA,NA,167,10,0,178,3.86,1.28,NA,NA,NA,NA,NA,NA,NA,NA,NA,7.9,3.9
A.J. Minter,NYM,NA,NA,1,1.7,0.9,0.7999999999999999,NA,NA,NA,NA,NA,NA,54,5,2,60,3.37,1.16,NA,NA,NA,NA,NA,NA,NA,NA,NA,7.9,6.9
Miguel Amaya,CHC,Free Birds,2,1,1.2,0.4,0.7999999999999999,326,9,34,38,1,0.24,NA,NA,NA,NA,NA,NA,1,0,0,0,0,0,0,0,0,7.9,6.9
Agustin Ramirez,MIA,Melonheads,2,1,1.2,0.4,0.7999999999999999,263,8,30,30,5,0.237,NA,NA,NA,NA,NA,NA,1,1,0,0,0,0,1,0,0,7.9,6.9
Nick Gonzales,PIT,Louisville Sluggers,2,1,2.9,2.1,0.7999999999999998,504,10,58,59,5,0.262,NA,NA,NA,NA,NA,NA,0,0,1,0,0,0,0,1,0,7.9,6.9
Max Kepler,PHI,NA,NA,5,2.3,1.5,0.7999999999999998,497,17,59,61,3,0.24,NA,NA,NA,NA,NA,NA,0,0,0,0,0,1,0,0,0,7.9,2.9
Rhys Hoskins,MIL,Hoosiers,2,14,2.3,1.5,0.7999999999999998,567,26,67,76,3,0.223,NA,NA,NA,NA,NA,NA,0,1,0,0,0,0,1,0,1,7.9,-6.1
Tommy Pham,PIT,NA,NA,6,2.3,1.5,0.7999999999999998,448,10,53,43,10,0.248,NA,NA,NA,NA,NA,NA,0,0,0,0,0,1,0,0,0,7.9,1.9
Jordan Beck,COL,NA,NA,4,2.3,1.5,0.7999999999999998,434,12,49,48,10,0.245,NA,NA,NA,NA,NA,NA,0,0,0,0,0,1,0,0,0,7.9,3.9
Clay Holmes,NYM,NA,NA,12,1.6,0.9,0.7000000000000001,NA,NA,NA,NA,NA,NA,164,13,0,148,3.61,1.34,NA,NA,NA,NA,NA,NA,NA,NA,NA,7.5,-4.5
Aaron Bummer,ATL,NA,NA,NA,1.6,0.9,0.7000000000000001,NA,NA,NA,NA,NA,NA,61,5,1,71,3.03,1.26,NA,NA,NA,NA,NA,NA,NA,NA,NA,7.5,NA
Calvin Faucher,MIA,Louisville Sluggers,2,1,1.6,0.9,0.7000000000000001,NA,NA,NA,NA,NA,NA,63,3,22,66,3.91,1.39,NA,NA,NA,NA,NA,NA,NA,NA,NA,7.5,6.5
Jose Trevino,CIN,NA,NA,1,1.1,0.4,0.7000000000000001,262,7,28,30,2,0.246,NA,NA,NA,NA,NA,NA,1,0,0,0,0,0,0,0,0,7.5,6.5
Jose Tena,WSN,Hoosiers,2,1,1.8,1.1,0.7,322,7,34,35,7,0.254,NA,NA,NA,NA,NA,NA,0,0,0,1,0,0,1,0,0,7.5,6.5
Jose Iglesias,SDP,Erie Lakers,2,1,1.8,1.1,0.7,378,5,39,37,3,0.263,NA,NA,NA,NA,NA,NA,0,0,1,1,0,0,1,1,0,7.5,6.5
Gavin Lux,CIN,Westside Marauders,2,9,2.8,2.1,0.6999999999999997,490,11,61,51,6,0.258,NA,NA,NA,NA,NA,NA,0,0,1,0,0,0,0,1,0,7.5,-1.5
LaMonte Wade Jr.,SFG,Blue Socks,2,7,2.1,1.5,0.6000000000000001,490,14,62,47,3,0.242,NA,NA,NA,NA,NA,NA,0,1,0,0,0,0,1,0,0,7.2,0.2
Johan Rojas,PHI,Melonheads,2,6,2.1,1.5,0.6000000000000001,315,5,38,31,19,0.247,NA,NA,NA,NA,NA,NA,0,0,0,0,0,1,0,0,0,7.2,1.2
Starling Marte,NYM,Blue Socks,Opt,21,2.1,1.5,0.6000000000000001,273,6,34,30,11,0.264,NA,NA,NA,NA,NA,NA,0,0,0,0,0,1,0,0,0,7.2,-13.8
Dylan Lee,ATL,NA,NA,1,1.5,0.9,0.6,NA,NA,NA,NA,NA,NA,62,4,0,71,3.32,1.16,NA,NA,NA,NA,NA,NA,NA,NA,NA,7.2,6.2
Nick Fortes,MIA,Louisville Sluggers,2,2,1,0.4,0.6,352,8,36,35,3,0.234,NA,NA,NA,NA,NA,NA,1,0,0,0,0,0,0,0,0,7.2,5.2
Drew Romo,COL,NA,NA,NA,1,0.4,0.6,243,5,25,28,2,0.247,NA,NA,NA,NA,NA,NA,1,0,0,0,0,0,0,0,0,7.2,NA
Nolan Gorman,STL,Hoosiers,Opt,3,2.6,2.1,0.5,490,25,61,68,6,0.227,NA,NA,NA,NA,NA,NA,0,0,1,0,0,0,0,1,0,6.8,3.8
Alek Thomas,ARI,Blue Socks,2,8,2,1.5,0.5,308,8,38,37,7,0.255,NA,NA,NA,NA,NA,NA,0,0,0,0,0,1,0,0,0,6.8,-1.2
Jesse Winker,NYM,Big Red Machine,2,1,2,1.5,0.5,427,11,50,46,7,0.241,NA,NA,NA,NA,NA,NA,0,0,0,0,0,1,0,0,1,6.8,5.8
Dane Myers,MIA,Louisville Sluggers,2,1,2,1.5,0.5,371,9,43,43,8,0.248,NA,NA,NA,NA,NA,NA,0,0,0,0,0,1,0,0,0,6.8,5.8
Kris Bryant,COL,Melonheads,2,10,2,1.5,0.5,476,13,53,53,1,0.245,NA,NA,NA,NA,NA,NA,0,1,0,0,0,1,1,0,0,6.8,-3.2
Jose Alvarado,PHI,NA,NA,1,1.4,0.9,0.4999999999999999,NA,NA,NA,NA,NA,NA,60,4,3,69,3.31,1.26,NA,NA,NA,NA,NA,NA,NA,NA,NA,6.8,5.8
Dustin May,LAD,NA,NA,2,1.3,0.9,0.4,NA,NA,NA,NA,NA,NA,73,4,0,77,3.57,1.18,NA,NA,NA,NA,NA,NA,NA,NA,NA,6.5,4.5
Alex Vesia,LAD,Free Birds,2,1,1.3,0.9,0.4,NA,NA,NA,NA,NA,NA,58,4,0,74,3.53,1.2,NA,NA,NA,NA,NA,NA,NA,NA,NA,6.5,5.5
Evan Phillips,LAD,Free Birds,2026,11,1.3,0.9,0.4,NA,NA,NA,NA,NA,NA,50,3,0,56,3.31,1.13,NA,NA,NA,NA,NA,NA,NA,NA,NA,6.5,-4.5
Carson Kelly,CHC,NA,NA,1,0.8,0.4,0.4,301,8,32,33,1,0.229,NA,NA,NA,NA,NA,NA,1,0,0,0,0,0,0,0,0,6.5,5.5
Jerar Encarnacion,SFG,Hoosiers,2,1,1.9,1.5,0.3999999999999999,364,14,40,48,3,0.24,NA,NA,NA,NA,NA,NA,0,0,0,0,0,1,0,0,0,6.5,5.5
Kyle Stowers,MIA,NA,NA,3,1.8,1.5,0.30000000000000004,462,17,51,58,2,0.231,NA,NA,NA,NA,NA,NA,0,0,0,0,0,1,0,0,0,6.2,3.2
Nick Martinez,CIN,Rebuilding Year,2,1,1.2,0.9,0.29999999999999993,NA,NA,NA,NA,NA,NA,168,10,0,143,3.99,1.26,0,0,0,0,0,0,0,0,1,6.2,5.2
Nick Martinez,CIN,Big Red Machine,2,1,1.2,0.9,0.29999999999999993,NA,NA,NA,NA,NA,NA,168,10,0,143,3.99,1.26,0,0,0,0,0,0,0,0,1,6.2,5.2
Jesus Luzardo,PHI,Louisville Sluggers,2027,19,1.2,0.9,0.29999999999999993,NA,NA,NA,NA,NA,NA,158,10,0,163,4.15,1.25,NA,NA,NA,NA,NA,NA,NA,NA,NA,6.2,-12.8
Eduardo Rodriguez,ARI,Erie Lakers,2,12,1.2,0.9,0.29999999999999993,NA,NA,NA,NA,NA,NA,143,10,0,132,3.85,1.29,NA,NA,NA,NA,NA,NA,NA,NA,NA,6.2,-5.8
Bryan Hudson,MIL,Free Birds,2,1,1.2,0.9,0.29999999999999993,NA,NA,NA,NA,NA,NA,60,3,1,65,3.52,1.2,NA,NA,NA,NA,NA,NA,NA,NA,NA,6.2,5.2
Joel Payamps,MIL,NA,NA,4,1.2,0.9,0.29999999999999993,NA,NA,NA,NA,NA,NA,61,5,2,60,3.67,1.22,NA,NA,NA,NA,NA,NA,NA,NA,NA,6.2,2.2
Kyle Farmer,COL,NA,NA,1,1.4,1.1,0.2999999999999998,266,7,29,29,3,0.251,NA,NA,NA,NA,NA,NA,0,0,1,1,0,0,1,1,0,6.2,5.2
Pierce Johnson,ATL,NA,NA,1,1.1,0.9,0.20000000000000007,NA,NA,NA,NA,NA,NA,64,5,2,78,3.6,1.29,NA,NA,NA,NA,NA,NA,NA,NA,NA,5.8,4.8
Reed Garrett,NYM,NA,NA,NA,1.1,0.9,0.20000000000000007,NA,NA,NA,NA,NA,NA,66,6,0,77,3.58,1.29,NA,NA,NA,NA,NA,NA,NA,NA,NA,5.8,NA
Ryan Brasier,CHC,NA,NA,NA,1.1,0.9,0.20000000000000007,NA,NA,NA,NA,NA,NA,58,3,2,55,3.62,1.19,NA,NA,NA,NA,NA,NA,NA,NA,NA,5.8,NA
Porter Hodge,CHC,Westside Marauders,2,1,1.1,0.9,0.20000000000000007,NA,NA,NA,NA,NA,NA,63,3,11,68,3.87,1.32,NA,NA,NA,NA,NA,NA,NA,NA,NA,5.8,4.8
Jose Siri,NYM,NA,NA,4,1.7,1.5,0.19999999999999996,413,17,51,53,14,0.21,NA,NA,NA,NA,NA,NA,0,0,0,0,0,1,0,0,0,5.8,1.8
Mike Yastrzemski,SFG,Blue Socks,2,2,1.7,1.5,0.19999999999999996,497,17,60,57,4,0.224,NA,NA,NA,NA,NA,NA,0,0,0,0,0,1,0,0,0,5.8,3.8
Pavin Smith,ARI,Louisville Sluggers,2,1,1.7,1.5,0.19999999999999996,336,10,40,41,2,0.248,NA,NA,NA,NA,NA,NA,0,1,0,0,0,1,1,0,0,5.8,4.8
Eguy Rosario,SDP,NA,NA,1,1.3,1.1,0.19999999999999996,266,9,31,33,7,0.231,NA,NA,NA,NA,NA,NA,0,0,0,1,0,0,1,0,0,5.8,4.8
Drake Baldwin,ATL,NA,NA,NA,0.6,0.4,0.19999999999999996,211,5,22,24,0,0.236,NA,NA,NA,NA,NA,NA,1,0,0,0,0,0,0,0,0,5.8,NA
Elias Diaz,SDP,Big Red Machine,2,7,0.6,0.4,0.19999999999999996,307,8,29,33,1,0.226,NA,NA,NA,NA,NA,NA,1,0,0,0,0,0,0,0,0,5.8,-1.2
Jacob Stallings,COL,Free Birds,2,1,0.6,0.4,0.19999999999999996,294,6,28,31,1,0.23,NA,NA,NA,NA,NA,NA,1,0,0,0,0,0,0,0,0,5.8,4.8
Tyrone Taylor,NYM,NA,NA,2,1.6,1.5,0.10000000000000009,336,10,42,40,8,0.233,NA,NA,NA,NA,NA,NA,0,0,0,0,0,1,0,0,0,5.5,3.5
Derek Hill,MIA,NA,NA,1,1.6,1.5,0.10000000000000009,273,7,32,31,7,0.252,NA,NA,NA,NA,NA,NA,0,0,0,0,0,1,0,0,0,5.5,4.5
Justin Turner,CHC,NA,NA,1,1.6,1.5,0.10000000000000009,357,8,40,39,1,0.252,NA,NA,NA,NA,NA,NA,0,1,0,0,0,0,1,0,1,5.5,4.5
Nick Lodolo,CIN,Blue Socks,2025,7,1,0.9,0.09999999999999998,NA,NA,NA,NA,NA,NA,132,8,0,144,4.24,1.23,NA,NA,NA,NA,NA,NA,NA,NA,NA,5.5,-1.5
Eury Perez,MIA,NA,2,2,1,0.9,0.09999999999999998,NA,NA,NA,NA,NA,NA,73,4,0,80,3.86,1.21,NA,NA,NA,NA,NA,NA,NA,NA,NA,5.5,3.5
JoJo Romero,STL,NA,NA,NA,1,0.9,0.09999999999999998,NA,NA,NA,NA,NA,NA,61,4,1,60,3.53,1.24,NA,NA,NA,NA,NA,NA,NA,NA,NA,5.5,NA
Pedro Pages,STL,NA,NA,1,0.5,0.4,0.09999999999999998,243,6,23,27,2,0.225,NA,NA,NA,NA,NA,NA,1,0,0,0,0,0,0,0,0,5.5,4.5
Adrian Del Castillo,ARI,Melonheads,2,1,0.5,0.4,0.09999999999999998,119,3,14,15,0,0.24,NA,NA,NA,NA,NA,NA,1,0,0,0,0,0,0,0,0,5.5,4.5
Caleb Durbin,MIL,NA,NA,6,1.2,1.1,0.09999999999999987,210,4,25,22,10,0.238,NA,NA,NA,NA,NA,NA,0,0,1,1,0,0,1,1,0,5.5,-0.5
Santiago Espinal,CIN,Westside Marauders,2,1,1.1,1.1,0,203,3,21,21,4,0.261,NA,NA,NA,NA,NA,NA,0,0,1,1,0,0,1,1,0,5.2,4.2
Sean Manaea,NYM,Blue Socks,Opt,9,0.9,0.9,0,NA,NA,NA,NA,NA,NA,159,9,0,160,4.17,1.25,NA,NA,NA,NA,NA,NA,NA,NA,NA,5.2,-3.8
Clayton Kershaw,LAD,Free Birds,2,5,0.9,0.9,0,NA,NA,NA,NA,NA,NA,68,5,0,63,3.81,1.22,NA,NA,NA,NA,NA,NA,NA,NA,NA,5.2,0.2
Anthony Bender,MIA,NA,NA,1,0.9,0.9,0,NA,NA,NA,NA,NA,NA,60,3,5,63,3.68,1.26,NA,NA,NA,NA,NA,NA,NA,NA,NA,5.2,4.2
Jesus Tinoco,MIA,NA,NA,2,0.9,0.9,0,NA,NA,NA,NA,NA,NA,64,3,6,64,3.82,1.29,NA,NA,NA,NA,NA,NA,NA,NA,NA,5.2,3.2
Adrian Morejon,SDP,Blue Socks,2,1,0.9,0.9,0,NA,NA,NA,NA,NA,NA,61,3,1,65,3.54,1.24,NA,NA,NA,NA,NA,NA,NA,NA,NA,5.2,4.2
Erik Miller,SFG,NA,NA,NA,0.9,0.9,0,NA,NA,NA,NA,NA,NA,61,4,1,76,3.48,1.31,NA,NA,NA,NA,NA,NA,NA,NA,NA,5.2,NA
Dedniel Nunez,NYM,NA,NA,NA,0.9,0.9,0,NA,NA,NA,NA,NA,NA,49,3,0,55,3.49,1.21,NA,NA,NA,NA,NA,NA,NA,NA,NA,5.2,NA
Luis Torrens,NYM,NA,NA,NA,0.4,0.4,0,160,5,16,18,1,0.229,NA,NA,NA,NA,NA,NA,1,0,0,0,0,0,0,0,0,5.2,NA
Rafael Marchan,PHI,NA,NA,NA,0.4,0.4,0,141,3,15,14,1,0.235,NA,NA,NA,NA,NA,NA,1,0,0,0,0,0,0,0,0,5.2,NA
Caleb Ferguson,PIT,NA,NA,NA,0.8,0.9,-0.09999999999999998,NA,NA,NA,NA,NA,NA,60,3,1,63,3.44,1.3,NA,NA,NA,NA,NA,NA,NA,NA,NA,4.8,NA
Ben Brown,CHC,Hoosiers,2,2,0.8,0.9,-0.09999999999999998,NA,NA,NA,NA,NA,NA,45,3,0,50,3.59,1.21,NA,NA,NA,NA,NA,NA,NA,NA,NA,4.8,2.8
Jose Butto,NYM,NA,NA,NA,0.8,0.9,-0.09999999999999998,NA,NA,NA,NA,NA,NA,63,3,1,67,3.7,1.24,NA,NA,NA,NA,NA,NA,NA,NA,NA,4.8,NA
Yuki Matsui,SDP,NA,NA,NA,0.8,0.9,-0.09999999999999998,NA,NA,NA,NA,NA,NA,58,3,0,67,3.6,1.26,NA,NA,NA,NA,NA,NA,NA,NA,NA,4.8,NA
Andrew Nardi,MIA,NA,NA,NA,0.8,0.9,-0.09999999999999998,NA,NA,NA,NA,NA,NA,50,3,0,62,3.62,1.23,NA,NA,NA,NA,NA,NA,NA,NA,NA,4.8,NA
Eric Haase,MIL,NA,NA,NA,0.3,0.4,-0.10000000000000003,128,5,14,17,1,0.217,NA,NA,NA,NA,NA,NA,1,0,0,0,0,0,0,0,0,4.8,NA
Tom Murphy,SFG,National Pastime,2,1,0.3,0.4,-0.10000000000000003,146,4,15,15,1,0.222,NA,NA,NA,NA,NA,NA,1,0,0,0,0,0,0,0,0,4.8,3.8
Riley Adams,WSN,NA,NA,NA,0.3,0.4,-0.10000000000000003,115,3,11,13,1,0.221,NA,NA,NA,NA,NA,NA,1,0,0,0,0,0,0,0,0,4.8,NA
Orlando Arcia,ATL,Free Birds,2,8,2,2.1,-0.10000000000000009,595,17,63,66,2,0.234,NA,NA,NA,NA,NA,NA,0,0,0,0,1,0,0,1,0,4.8,-3.2
Amed Rosario,WSN,Blue Socks,2,9,1.4,1.5,-0.10000000000000009,210,3,23,21,6,0.266,NA,NA,NA,NA,NA,NA,0,0,1,0,0,1,0,1,1,4.8,-4.2
Randal Grichuk,ARI,Louisville Sluggers,2,1,1.4,1.5,-0.10000000000000009,266,8,31,33,1,0.252,NA,NA,NA,NA,NA,NA,0,0,0,0,0,1,0,0,1,4.8,3.8
Jordan Lawlar,ARI,Westside Marauders,2,6,1,1.1,-0.10000000000000009,224,5,27,24,7,0.234,NA,NA,NA,NA,NA,NA,0,0,0,1,1,0,1,1,0,4.8,-1.2
Jon Berti,CHC,NA,NA,1,1,1.1,-0.10000000000000009,182,3,21,16,8,0.244,NA,NA,NA,NA,NA,NA,0,0,0,1,0,0,1,0,0,4.8,3.8
Jonah Bride,MIA,Louisville Sluggers,2,1,1.3,1.5,-0.19999999999999996,392,9,42,44,1,0.238,NA,NA,NA,NA,NA,NA,0,1,0,0,0,0,1,0,0,4.5,3.5
Victor Scott II,STL,NA,NA,5,1.3,1.5,-0.19999999999999996,273,4,30,25,16,0.23,NA,NA,NA,NA,NA,NA,0,0,0,0,0,1,0,0,0,4.5,-0.5
Tirso Ornelas,SDP,NA,NA,1,1.3,1.5,-0.19999999999999996,308,8,33,34,3,0.242,NA,NA,NA,NA,NA,NA,0,0,0,0,0,1,0,0,0,4.5,3.5
Sam Hilliard,COL,NA,NA,1,1.3,1.5,-0.19999999999999996,224,9,29,27,6,0.234,NA,NA,NA,NA,NA,NA,0,0,0,0,0,1,0,0,0,4.5,3.5
Liam Hicks,MIA,NA,NA,NA,0.2,0.4,-0.2,103,1,10,9,1,0.241,NA,NA,NA,NA,NA,NA,1,0,0,0,0,0,0,0,0,4.5,NA
Drew Millas,WSN,NA,NA,NA,0.2,0.4,-0.2,45,1,5,5,1,0.242,NA,NA,NA,NA,NA,NA,1,0,0,0,0,0,0,0,0,4.5,NA
Henry Davis,PIT,Big Red Machine,Opt,1,0.2,0.4,-0.2,72,2,8,8,1,0.229,NA,NA,NA,NA,NA,NA,1,0,0,0,0,0,0,0,0,4.5,3.5
Jared Triolo,PIT,Big Red Machine,2,1,0.9,1.1,-0.20000000000000007,238,4,25,23,5,0.244,NA,NA,NA,NA,NA,NA,0,0,1,1,0,0,1,1,0,4.5,3.5
Chris Taylor,LAD,NA,NA,1,0.9,1.1,-0.20000000000000007,287,7,33,30,6,0.221,NA,NA,NA,NA,NA,NA,0,0,1,1,0,1,1,1,0,4.5,3.5
Enrique Hernandez,LAD,Rebuilding Year,NA,NA,0.9,1.1,-0.20000000000000007,287,8,32,33,1,0.231,NA,NA,NA,NA,NA,NA,0,0,0,1,0,0,1,0,0,4.5,NA
David Peterson,NYM,Louisville Sluggers,2,1,0.7,0.9,-0.20000000000000007,NA,NA,NA,NA,NA,NA,147,9,0,136,3.9,1.35,NA,NA,NA,NA,NA,NA,NA,NA,NA,4.5,3.5
Merrill Kelly,ARI,Westside Marauders,2,10,0.7,0.9,-0.20000000000000007,NA,NA,NA,NA,NA,NA,149,9,0,131,4.03,1.29,NA,NA,NA,NA,NA,NA,NA,NA,NA,4.5,-5.5
Jared Koenig,MIL,NA,NA,1,0.7,0.9,-0.20000000000000007,NA,NA,NA,NA,NA,NA,62,4,2,60,3.76,1.27,NA,NA,NA,NA,NA,NA,NA,NA,NA,4.5,3.5
Nick Mears,MIL,NA,NA,1,0.7,0.9,-0.20000000000000007,NA,NA,NA,NA,NA,NA,59,3,0,73,3.73,1.28,NA,NA,NA,NA,NA,NA,NA,NA,NA,4.5,3.5
Tyler Rogers,SFG,Rebuilding Year,Opt,8,0.7,0.9,-0.20000000000000007,NA,NA,NA,NA,NA,NA,70,4,1,50,3.75,1.23,NA,NA,NA,NA,NA,NA,NA,NA,NA,4.5,-3.5
Caleb Thielbar,CHC,NA,NA,NA,0.7,0.9,-0.20000000000000007,NA,NA,NA,NA,NA,NA,56,3,0,61,3.71,1.24,NA,NA,NA,NA,NA,NA,NA,NA,NA,4.5,NA
Andy Pages,LAD,Hoosiers,2,1,1.2,1.5,-0.30000000000000004,189,8,25,25,1,0.247,NA,NA,NA,NA,NA,NA,0,0,0,0,0,1,0,0,0,4.1,3.1
Jason Heyward,SDP,NA,NA,3,1.2,1.5,-0.30000000000000004,350,10,40,40,4,0.228,NA,NA,NA,NA,NA,NA,0,0,0,0,0,1,0,0,0,4.1,1.1
Javier Sanoja,MIA,NA,NA,NA,1.2,1.5,-0.30000000000000004,224,2,21,21,5,0.264,NA,NA,NA,NA,NA,NA,0,0,0,0,1,1,0,1,0,4.1,NA
Edmundo Sosa,PHI,NA,NA,1,0.8,1.1,-0.30000000000000004,175,4,21,19,3,0.246,NA,NA,NA,NA,NA,NA,0,0,1,1,1,0,1,1,0,4.1,3.1
Noelvi Marte,CIN,Melonheads,2,16,0.8,1.1,-0.30000000000000004,154,4,17,16,5,0.242,NA,NA,NA,NA,NA,NA,0,0,0,1,0,0,1,0,0,4.1,-11.9
Eric Wagaman,MIA,NA,NA,NA,0.8,1.1,-0.30000000000000004,147,4,16,16,2,0.248,NA,NA,NA,NA,NA,NA,0,0,0,1,0,0,1,0,0,4.1,NA
Mitch Keller,PIT,Rebuilding Year,Opt,1,0.6,0.9,-0.30000000000000004,NA,NA,NA,NA,NA,NA,180,10,0,163,4.14,1.28,NA,NA,NA,NA,NA,NA,NA,NA,NA,4.1,3.1
Tylor Megill,NYM,Louisville Sluggers,2,1,0.6,0.9,-0.30000000000000004,NA,NA,NA,NA,NA,NA,81,5,0,83,3.99,1.28,NA,NA,NA,NA,NA,NA,NA,NA,NA,4.1,3.1
Colin Holderman,PIT,NA,NA,NA,0.6,0.9,-0.30000000000000004,NA,NA,NA,NA,NA,NA,62,4,3,63,3.89,1.31,NA,NA,NA,NA,NA,NA,NA,NA,NA,4.1,NA
Tanner Banks,PHI,NA,NA,NA,0.6,0.9,-0.30000000000000004,NA,NA,NA,NA,NA,NA,68,3,0,67,3.72,1.24,NA,NA,NA,NA,NA,NA,NA,NA,NA,4.1,NA
Ryan Fernandez,STL,NA,NA,NA,0.6,0.9,-0.30000000000000004,NA,NA,NA,NA,NA,NA,65,4,1,64,3.76,1.3,0,0,0,1,0,0,1,0,0,4.1,NA
Ryan Thompson,ARI,NA,NA,NA,0.6,0.9,-0.30000000000000004,NA,NA,NA,NA,NA,NA,63,5,0,51,3.69,1.29,NA,NA,NA,NA,NA,NA,NA,NA,NA,4.1,NA
Joe Mantiply,ARI,NA,NA,NA,0.6,0.9,-0.30000000000000004,NA,NA,NA,NA,NA,NA,59,4,0,51,3.59,1.27,NA,NA,NA,NA,NA,NA,NA,NA,NA,4.1,NA
Daysbel Hernandez,ATL,NA,NA,NA,0.6,0.9,-0.30000000000000004,NA,NA,NA,NA,NA,NA,58,4,0,68,3.78,1.33,NA,NA,NA,NA,NA,NA,NA,NA,NA,4.1,NA
Craig Yoho,MIL,NA,NA,NA,0.6,0.9,-0.30000000000000004,NA,NA,NA,NA,NA,NA,47,2,0,53,3.73,1.24,NA,NA,NA,NA,NA,NA,NA,NA,NA,4.1,NA
Angel Perdomo,ATL,NA,NA,NA,0.6,0.9,-0.30000000000000004,NA,NA,NA,NA,NA,NA,54,3,0,68,3.79,1.27,NA,NA,NA,NA,NA,NA,NA,NA,NA,4.1,NA
Luke Little,CHC,NA,NA,NA,0.6,0.9,-0.30000000000000004,NA,NA,NA,NA,NA,NA,40,2,0,48,3.41,1.29,NA,NA,NA,NA,NA,NA,NA,NA,NA,4.1,NA
Austin Barnes,LAD,NA,NA,NA,0.1,0.4,-0.30000000000000004,141,2,14,12,2,0.219,NA,NA,NA,NA,NA,NA,1,0,0,0,0,0,0,0,0,4.1,NA
Chadwick Tromp,ATL,NA,NA,NA,0.1,0.4,-0.30000000000000004,51,1,5,5,0,0.228,NA,NA,NA,NA,NA,NA,1,0,0,0,0,0,0,0,0,4.1,NA
Jeferson Quero,MIL,Erie Lakers,2,1,0.1,0.4,-0.30000000000000004,26,1,3,3,0,0.229,NA,NA,NA,NA,NA,NA,1,0,0,0,0,0,0,0,0,4.1,3.1
Tyler Black,MIL,Westside Marauders,2,5,1.1,1.5,-0.3999999999999999,231,6,27,26,8,0.229,NA,NA,NA,NA,NA,NA,0,1,0,0,0,0,1,0,0,3.8,-1.2
Jarred Kelenic,ATL,Blue Socks,2,9,1.1,1.5,-0.3999999999999999,182,6,22,23,4,0.242,NA,NA,NA,NA,NA,NA,0,0,0,0,0,1,0,0,0,3.8,-5.2
Luis Matos,SFG,NA,NA,1,1.1,1.5,-0.3999999999999999,238,6,26,27,3,0.246,NA,NA,NA,NA,NA,NA,0,0,0,0,0,1,0,0,0,3.8,2.8
Wilmer Flores,SFG,NA,NA,1,1.1,1.5,-0.3999999999999999,308,9,34,36,0,0.238,NA,NA,NA,NA,NA,NA,0,1,0,0,0,0,1,0,0,3.8,2.8
Stuart Fairchild,CIN,NA,NA,NA,1.1,1.5,-0.3999999999999999,224,7,27,26,8,0.229,NA,NA,NA,NA,NA,NA,0,0,0,0,0,1,0,0,0,3.8,NA
Grant Holmes,ATL,NA,NA,5,0.5,0.9,-0.4,NA,NA,NA,NA,NA,NA,117,6,0,113,3.99,1.29,NA,NA,NA,NA,NA,NA,NA,NA,NA,3.8,-1.2
Kyle Harrison,SFG,Hoosiers,Opt,2,0.5,0.9,-0.4,NA,NA,NA,NA,NA,NA,126,7,0,128,4.1,1.28,NA,NA,NA,NA,NA,NA,NA,NA,NA,3.8,1.8
Ryne Nelson,ARI,Erie Lakers,2,1,0.5,0.9,-0.4,NA,NA,NA,NA,NA,NA,100,6,0,82,4.09,1.27,NA,NA,NA,NA,NA,NA,NA,NA,NA,3.8,2.8
Matthew Liberatore,STL,NA,NA,NA,0.5,0.9,-0.4,NA,NA,NA,NA,NA,NA,85,5,2,78,3.97,1.3,NA,NA,NA,NA,NA,NA,NA,NA,NA,3.8,NA
Derek Law,WSN,NA,NA,NA,0.5,0.9,-0.4,NA,NA,NA,NA,NA,NA,72,4,5,62,3.87,1.33,NA,NA,NA,NA,NA,NA,NA,NA,NA,3.8,NA
Julian Merryweather,CHC,NA,NA,NA,0.5,0.9,-0.4,NA,NA,NA,NA,NA,NA,52,3,0,58,3.74,1.28,NA,NA,NA,NA,NA,NA,NA,NA,NA,3.8,NA
Tyson Miller,CHC,NA,NA,NA,0.5,0.9,-0.4,NA,NA,NA,NA,NA,NA,62,3,1,57,3.97,1.25,NA,NA,NA,NA,NA,NA,NA,NA,NA,3.8,NA
Ryne Stanek,NYM,NA,NA,NA,0.5,0.9,-0.4,NA,NA,NA,NA,NA,NA,58,4,0,66,3.84,1.29,NA,NA,NA,NA,NA,NA,NA,NA,NA,3.8,NA
Michael Grove,LAD,NA,NA,NA,0.5,0.9,-0.4,NA,NA,NA,NA,NA,NA,44,3,0,46,3.97,1.23,NA,NA,NA,NA,NA,NA,NA,NA,NA,3.8,NA
Joe Jimenez,ATL,Free Birds,2,1,0.5,0.9,-0.4,NA,NA,NA,NA,NA,NA,27,1,0,32,3.48,1.16,NA,NA,NA,NA,NA,NA,NA,NA,NA,3.8,2.8
Michael Kopech,LAD,Melonheads,2,2,0.5,0.9,-0.4,NA,NA,NA,NA,NA,NA,53,3,3,62,4.14,1.29,NA,NA,NA,NA,NA,NA,NA,NA,NA,3.8,1.8
Hector Neris,ATL,NA,NA,NA,0.5,0.9,-0.4,NA,NA,NA,NA,NA,NA,56,5,0,59,4.02,1.31,NA,NA,NA,NA,NA,NA,NA,NA,NA,3.8,NA
Sam Huff,SFG,NA,NA,NA,0,0.4,-0.4,45,1,4,5,0,0.222,NA,NA,NA,NA,NA,NA,1,0,0,0,0,0,0,0,0,3.8,NA
Jose Herrera,ARI,NA,NA,NA,0,0.4,-0.4,77,1,8,6,0,0.222,NA,NA,NA,NA,NA,NA,1,0,0,0,0,0,0,0,0,3.8,NA
Jimmy Crooks,STL,NA,NA,NA,0,0.4,-0.4,13,0,1,1,0,0.242,NA,NA,NA,NA,NA,NA,1,0,0,0,0,0,0,0,0,3.8,NA
Jason Delay,PIT,NA,NA,NA,0,0.4,-0.4,19,0,2,2,0,0.233,NA,NA,NA,NA,NA,NA,1,0,0,0,0,0,0,0,0,3.8,NA
Hunter Feduccia,LAD,NA,NA,NA,0,0.4,-0.4,19,0,2,2,0,0.218,NA,NA,NA,NA,NA,NA,1,0,0,0,0,0,0,0,0,3.8,NA
Joe Mack,MIA,NA,NA,NA,0,0.4,-0.4,13,0,1,1,0,0.22,NA,NA,NA,NA,NA,NA,1,0,0,0,0,0,0,0,0,3.8,NA
Reese McGuire,CHC,NA,NA,NA,0,0.4,-0.4,13,0,1,1,0,0.218,NA,NA,NA,NA,NA,NA,1,0,0,0,0,0,0,0,0,3.8,NA
Jakson Reetz,NYM,NA,NA,NA,-0,0.4,-0.4,6,0,1,1,0,0.202,NA,NA,NA,NA,NA,NA,1,0,0,0,0,0,0,0,0,3.8,NA
Garrett Stubbs,PHI,NA,NA,NA,0,0.4,-0.4,19,0,2,2,0,0.21,NA,NA,NA,NA,NA,NA,1,0,0,0,0,0,0,0,0,3.8,NA
Austin Wynns,CIN,NA,NA,NA,-0,0.4,-0.4,6,0,1,1,0,0.23,NA,NA,NA,NA,NA,NA,1,0,0,0,0,0,0,0,0,3.8,NA
Brett Sullivan,SDP,NA,NA,NA,-0,0.4,-0.4,6,0,1,1,0,0.224,NA,NA,NA,NA,NA,NA,1,1,0,0,0,0,1,0,0,3.8,NA
Rene Pinto,ARI,NA,NA,NA,-0,0.4,-0.4,6,0,1,1,0,0.215,NA,NA,NA,NA,NA,NA,1,0,0,0,0,0,0,0,0,3.8,NA
Paul DeJong,WSN,NA,NA,7,0.7,1.1,-0.40000000000000013,343,14,36,39,2,0.21,NA,NA,NA,NA,NA,NA,0,0,0,1,1,0,1,1,0,3.8,-3.2
Andrew McCutchen,PIT,NA,NA,1,1.6,2.1,-0.5,455,14,52,48,5,0.228,NA,NA,NA,NA,NA,NA,0,0,0,0,0,0,0,0,1,3.5,2.5
Blake Perkins,MIL,NA,NA,1,1,1.5,-0.5,252,5,29,24,10,0.227,NA,NA,NA,NA,NA,NA,0,0,0,0,0,1,0,0,0,3.5,2.5
Sean Bouchard,COL,NA,NA,NA,1,1.5,-0.5,175,6,22,21,4,0.245,NA,NA,NA,NA,NA,NA,0,0,0,0,0,1,0,0,0,3.5,NA
Tobias Myers,MIL,National Pastime,2,1,0.4,0.9,-0.5,NA,NA,NA,NA,NA,NA,142,8,0,129,4.2,1.27,NA,NA,NA,NA,NA,NA,NA,NA,NA,3.5,2.5
Landen Roupp,SFG,Louisville Sluggers,2,1,0.4,0.9,-0.5,NA,NA,NA,NA,NA,NA,75,4,0,74,3.78,1.31,NA,NA,NA,NA,NA,NA,NA,NA,NA,3.5,2.5
Bobby Miller,LAD,NA,NA,1,0.4,0.9,-0.5,NA,NA,NA,NA,NA,NA,49,3,0,47,4.03,1.25,NA,NA,NA,NA,NA,NA,NA,NA,NA,3.5,2.5
Tyler Kinley,COL,Louisville Sluggers,2,1,0.4,0.9,-0.5,NA,NA,NA,NA,NA,NA,64,3,18,67,4.72,1.4,NA,NA,NA,NA,NA,NA,NA,NA,NA,3.5,2.5
Drey Jameson,ARI,NA,NA,NA,0.4,0.9,-0.5,NA,NA,NA,NA,NA,NA,50,3,0,46,3.8,1.28,NA,NA,NA,NA,NA,NA,NA,NA,NA,3.5,NA
Brusdar Graterol,LAD,Free Birds,2,3,0.4,0.9,-0.5,NA,NA,NA,NA,NA,NA,22,1,0,19,3.35,1.19,NA,NA,NA,NA,NA,NA,NA,NA,NA,3.5,0.5
Curt Casali,ATL,NA,NA,NA,-0.1,0.4,-0.5,13,0,1,1,0,0.217,NA,NA,NA,NA,NA,NA,1,0,0,0,0,0,0,0,0,3.5,NA
Martin Maldonado,SDP,NA,NA,NA,-0.1,0.4,-0.5,32,1,3,3,0,0.173,NA,NA,NA,NA,NA,NA,1,0,0,0,0,0,0,0,0,3.5,NA
Alex Call,WSN,Louisville Sluggers,2,1,0.9,1.5,-0.6,259,6,30,26,7,0.226,NA,NA,NA,NA,NA,NA,0,0,0,0,0,1,0,0,0,3.1,2.1
Oliver Dunn,MIL,NA,NA,NA,0.5,1.1,-0.6000000000000001,350,8,37,35,8,0.208,NA,NA,NA,NA,NA,NA,0,0,0,1,0,0,1,0,0,3.1,NA
Jameson Taillon,CHC,Westside Marauders,2,9,0.3,0.9,-0.6000000000000001,NA,NA,NA,NA,NA,NA,165,10,0,132,4.31,1.26,NA,NA,NA,NA,NA,NA,NA,NA,NA,3.1,-5.9
Justin Verlander,SFG,NA,NA,7,0.3,0.9,-0.6000000000000001,NA,NA,NA,NA,NA,NA,138,8,0,111,4.18,1.27,NA,NA,NA,NA,NA,NA,NA,NA,NA,3.1,-3.9
Steven Matz,STL,Blue Socks,2,6,0.3,0.9,-0.6000000000000001,NA,NA,NA,NA,NA,NA,116,6,0,102,4.01,1.3,NA,NA,NA,NA,NA,NA,NA,NA,NA,3.1,-2.9
Quinn Mathews,STL,NA,NA,4,0.3,0.9,-0.6000000000000001,NA,NA,NA,NA,NA,NA,99,5,0,93,3.98,1.29,NA,NA,NA,NA,NA,NA,NA,NA,NA,3.1,-0.9
Jose A. Ferrer,WSN,NA,NA,NA,0.3,0.9,-0.6000000000000001,NA,NA,NA,NA,NA,NA,62,3,3,51,3.89,1.3,NA,NA,NA,NA,NA,NA,NA,NA,NA,3.1,NA
Elvis Peguero,MIL,NA,NA,NA,0.3,0.9,-0.6000000000000001,NA,NA,NA,NA,NA,NA,56,4,0,53,3.85,1.34,NA,NA,NA,NA,NA,NA,NA,NA,NA,3.1,NA
Jorge Lopez,WSN,NA,NA,2,0.3,0.9,-0.6000000000000001,NA,NA,NA,NA,NA,NA,60,3,7,53,4.14,1.34,NA,NA,NA,NA,NA,NA,NA,NA,NA,3.1,1.1
Tristan Beck,SFG,NA,NA,1,0.3,0.9,-0.6000000000000001,NA,NA,NA,NA,NA,NA,55,3,0,48,3.99,1.27,NA,NA,NA,NA,NA,NA,NA,NA,NA,3.1,2.1
Sean Hjelle,SFG,NA,NA,NA,0.3,0.9,-0.6000000000000001,NA,NA,NA,NA,NA,NA,66,3,0,55,3.87,1.3,NA,NA,NA,NA,NA,NA,NA,NA,NA,3.1,NA
Scott Barlow,CIN,NA,NA,NA,0.3,0.9,-0.6000000000000001,NA,NA,NA,NA,NA,NA,58,3,0,65,3.87,1.31,NA,NA,NA,NA,NA,NA,NA,NA,NA,3.1,NA
Abner Uribe,MIL,NA,NA,NA,0.3,0.9,-0.6000000000000001,NA,NA,NA,NA,NA,NA,49,2,0,58,3.59,1.33,NA,NA,NA,NA,NA,NA,NA,NA,NA,3.1,NA
Nate Pearson,CHC,NA,NA,1,0.3,0.9,-0.6000000000000001,NA,NA,NA,NA,NA,NA,54,2,0,59,3.97,1.27,NA,NA,NA,NA,NA,NA,NA,NA,NA,3.1,2.1
Keaton Winn,SFG,National Pastime,2,5,0.3,0.9,-0.6000000000000001,NA,NA,NA,NA,NA,NA,42,2,0,39,3.94,1.24,NA,NA,NA,NA,NA,NA,NA,NA,NA,3.1,-1.9
Daniel Palencia,CHC,NA,NA,NA,0.3,0.9,-0.6000000000000001,NA,NA,NA,NA,NA,NA,38,2,0,43,3.89,1.32,NA,NA,NA,NA,NA,NA,NA,NA,NA,3.1,NA
Adam Frazier,PIT,NA,NA,1,0.8,1.5,-0.7,231,3,25,20,4,0.244,NA,NA,NA,NA,NA,NA,0,0,1,0,0,1,0,1,0,2.8,1.8
Griffin Conine,MIA,NA,NA,1,0.8,1.5,-0.7,322,11,34,38,0,0.221,NA,NA,NA,NA,NA,NA,0,0,0,0,0,1,0,0,0,2.8,1.8
Aaron Civale,MIL,Big Red Machine,2,11,0.2,0.9,-0.7,NA,NA,NA,NA,NA,NA,146,8,0,136,4.31,1.27,NA,NA,NA,NA,NA,NA,NA,NA,NA,2.8,-8.2
Dennis Santana,PIT,NA,NA,3,0.2,0.9,-0.7,NA,NA,NA,NA,NA,NA,66,3,2,63,3.97,1.32,NA,NA,NA,NA,NA,NA,NA,NA,NA,2.8,-0.2
John King,STL,NA,NA,NA,0.2,0.9,-0.7,NA,NA,NA,NA,NA,NA,59,3,0,40,3.66,1.32,NA,NA,NA,NA,NA,NA,NA,NA,NA,2.8,NA
Emilio Pagan,CIN,NA,NA,NA,0.2,0.9,-0.7,NA,NA,NA,NA,NA,NA,64,4,3,65,4.52,1.26,NA,NA,NA,NA,NA,NA,NA,NA,NA,2.8,NA
Michael McGreevy,STL,NA,NA,1,0.2,0.9,-0.7,NA,NA,NA,NA,NA,NA,41,2,0,30,3.81,1.25,NA,NA,NA,NA,NA,NA,NA,NA,NA,2.8,1.8
Danny Young,NYM,NA,NA,NA,0.2,0.9,-0.7,NA,NA,NA,NA,NA,NA,56,3,0,61,3.96,1.33,NA,NA,NA,NA,NA,NA,NA,NA,NA,2.8,NA
Kyle Amendt,ARI,NA,NA,NA,0.2,0.9,-0.7,NA,NA,NA,NA,NA,NA,21,2,0,24,3.82,1.37,NA,NA,NA,NA,NA,NA,NA,NA,NA,2.8,NA
Kendall Graveman,ARI,NA,NA,NA,0.2,0.9,-0.7,NA,NA,NA,NA,NA,NA,53,4,0,52,3.86,1.36,NA,NA,NA,NA,NA,NA,NA,NA,NA,2.8,NA
Keegan Thompson,CHC,NA,NA,NA,0.2,0.9,-0.7,NA,NA,NA,NA,NA,NA,66,4,0,68,4.06,1.32,NA,NA,NA,NA,NA,NA,NA,NA,NA,2.8,NA
Shelby Miller,ARI,NA,NA,NA,0.2,0.9,-0.7,NA,NA,NA,NA,NA,NA,56,4,0,53,4.33,1.28,NA,NA,NA,NA,NA,NA,NA,NA,NA,2.8,NA
Andruw Monasterio,MIL,NA,NA,NA,0.4,1.1,-0.7000000000000001,105,1,12,10,3,0.239,NA,NA,NA,NA,NA,NA,0,0,1,1,0,0,1,1,0,2.8,NA
Vinny Capra,MIL,NA,NA,NA,0.4,1.1,-0.7000000000000001,119,2,12,11,2,0.24,NA,NA,NA,NA,NA,NA,0,0,1,1,1,0,1,1,0,2.8,NA
Matt Mervis,MIA,NA,NA,1,1.3,2.1,-0.8,399,14,42,47,2,0.228,NA,NA,NA,NA,NA,NA,0,0,0,0,0,0,0,0,1,2.4,1.4
Connor Joe,SDP,NA,NA,1,0.7,1.5,-0.8,245,6,28,24,2,0.23,NA,NA,NA,NA,NA,NA,0,1,0,0,0,1,1,0,0,2.4,1.4
Jack Suwinski,PIT,NA,NA,1,0.7,1.5,-0.8,147,6,17,18,3,0.225,NA,NA,NA,NA,NA,NA,0,0,0,0,0,1,0,0,0,2.4,1.4
Will Benson,CIN,Big Red Machine,2,10,0.7,1.5,-0.8,196,6,25,22,8,0.21,NA,NA,NA,NA,NA,NA,0,0,0,0,0,1,0,0,0,2.4,-7.6
Joshua Palacios,PIT,Louisville Sluggers,2,1,0.7,1.5,-0.8,112,3,13,13,2,0.258,NA,NA,NA,NA,NA,NA,0,0,0,0,0,1,0,0,0,2.4,1.4
Michael Siani,STL,Westside Marauders,2,1,0.7,1.5,-0.8,294,4,32,24,13,0.215,NA,NA,NA,NA,NA,NA,0,0,0,0,0,1,0,0,0,2.4,1.4
Brett Baty,NYM,NA,NA,2,0.3,1.1,-0.8,77,3,9,9,0,0.239,NA,NA,NA,NA,NA,NA,0,0,0,1,0,0,1,0,0,2.4,0.4
Tyler Wade,SDP,NA,NA,NA,0.3,1.1,-0.8,91,1,11,7,5,0.225,NA,NA,NA,NA,NA,NA,0,0,0,1,0,0,1,0,0,2.4,NA
Erick Fedde,STL,Hoosiers,2,5,0.1,0.9,-0.8,NA,NA,NA,NA,NA,NA,164,9,0,144,4.21,1.31,NA,NA,NA,NA,NA,NA,NA,NA,NA,2.4,-2.6
AJ Smith-Shawver,ATL,Rebuilding Year,2,1,0.1,0.9,-0.8,NA,NA,NA,NA,NA,NA,79,5,0,82,4.16,1.31,NA,NA,NA,NA,NA,NA,NA,NA,NA,2.4,1.4
Taylor Rogers,CIN,Rebuilding Year,Opt,8,0.1,0.9,-0.8,NA,NA,NA,NA,NA,NA,62,3,3,71,4.33,1.33,NA,NA,NA,NA,NA,NA,NA,NA,NA,2.4,-5.6
Carson Whisenhunt,SFG,NA,NA,NA,0.1,0.9,-0.8,NA,NA,NA,NA,NA,NA,37,2,0,36,3.96,1.32,NA,NA,NA,NA,NA,NA,NA,NA,NA,2.4,NA
Sam Moll,CIN,NA,NA,NA,0.1,0.9,-0.8,NA,NA,NA,NA,NA,NA,55,3,0,55,4.17,1.32,NA,NA,NA,NA,NA,NA,NA,NA,NA,2.4,NA
Connor Thomas,MIL,NA,NA,NA,0.1,0.9,-0.8,NA,NA,NA,NA,NA,NA,54,3,0,39,3.99,1.29,NA,NA,NA,NA,NA,NA,NA,NA,NA,2.4,NA
Luis Garcia,LAD,NA,NA,NA,0.1,0.9,-0.8,NA,NA,NA,NA,NA,NA,17,1,0,15,3.88,1.33,NA,NA,NA,NA,NA,NA,NA,NA,NA,2.4,NA
Sean Reid-Foley,NYM,NA,NA,NA,0.1,0.9,-0.8,NA,NA,NA,NA,NA,NA,22,1,0,25,3.84,1.37,NA,NA,NA,NA,NA,NA,NA,NA,NA,2.4,NA
Eli Morgan,CHC,NA,NA,NA,0.1,0.9,-0.8,NA,NA,NA,NA,NA,NA,50,2,0,47,4.05,1.22,NA,NA,NA,NA,NA,NA,NA,NA,NA,2.4,NA
Cody Poteet,CHC,NA,NA,NA,0.1,0.9,-0.8,NA,NA,NA,NA,NA,NA,30,1,0,28,3.86,1.25,NA,NA,NA,NA,NA,NA,NA,NA,NA,2.4,NA
Wandy Peralta,SDP,NA,NA,NA,0.1,0.9,-0.8,NA,NA,NA,NA,NA,NA,52,3,0,44,3.88,1.33,NA,NA,NA,NA,NA,NA,NA,NA,NA,2.4,NA
Dauri Moreta,PIT,NA,NA,NA,0.1,0.9,-0.8,NA,NA,NA,NA,NA,NA,37,2,0,39,4.12,1.3,NA,NA,NA,NA,NA,NA,NA,NA,NA,2.4,NA
Logan Henderson,MIL,NA,NA,NA,0.1,0.9,-0.8,NA,NA,NA,NA,NA,NA,10,1,0,10,4.09,1.2,NA,NA,NA,NA,NA,NA,NA,NA,NA,2.4,NA
Mark Canha,MIL,Erie Lakers,2,9,0.6,1.5,-0.9,154,3,17,15,2,0.242,NA,NA,NA,NA,NA,NA,0,1,0,0,0,1,1,0,1,2.1,-6.9
Bryan De La Cruz,ATL,National Pastime,2,13,0.6,1.5,-0.9,112,4,12,14,1,0.247,NA,NA,NA,NA,NA,NA,0,0,0,0,0,1,0,0,1,2.1,-10.9
Zac Veen,COL,NA,NA,1,0.6,1.5,-0.9,119,3,14,13,5,0.235,NA,NA,NA,NA,NA,NA,0,0,0,0,0,1,0,0,0,2.1,1.1
Edward Cabrera,MIA,NA,NA,2,0,0.9,-0.9,NA,NA,NA,NA,NA,NA,125,7,0,133,4.17,1.35,NA,NA,NA,NA,NA,NA,NA,NA,NA,2.1,0.1
Jordan Wicks,CHC,Rebuilding Year,2,4,0,0.9,-0.9,NA,NA,NA,NA,NA,NA,46,3,0,41,4.14,1.3,NA,NA,NA,NA,NA,NA,NA,NA,NA,2.1,-1.9
Braxton Ashcraft,PIT,NA,NA,NA,0,0.9,-0.9,NA,NA,NA,NA,NA,NA,46,2,0,38,4.07,1.27,NA,NA,NA,NA,NA,NA,NA,NA,NA,2.1,NA
DL Hall,MIL,NA,NA,1,0,0.9,-0.9,NA,NA,NA,NA,NA,NA,43,2,0,46,3.97,1.34,NA,NA,NA,NA,NA,NA,NA,NA,NA,2.1,1.1
Carmen Mlodzinski,PIT,NA,NA,NA,0,0.9,-0.9,NA,NA,NA,NA,NA,NA,61,4,1,54,4.07,1.35,NA,NA,NA,NA,NA,NA,NA,NA,NA,2.1,NA
Tink Hence,STL,NA,NA,1,0,0.9,-0.9,NA,NA,NA,NA,NA,NA,16,1,0,13,4.26,1.34,NA,NA,NA,NA,NA,NA,NA,NA,NA,2.1,1.1
Anthony Banda,LAD,NA,NA,NA,-0,0.9,-0.9,NA,NA,NA,NA,NA,NA,57,3,0,56,4.07,1.34,NA,NA,NA,NA,NA,NA,NA,NA,NA,2.1,NA
Jhony Brito,SDP,NA,NA,NA,-0,0.9,-0.9,NA,NA,NA,NA,NA,NA,47,3,0,36,4.16,1.3,NA,NA,NA,NA,NA,NA,NA,NA,NA,2.1,NA
Cristian Mena,ARI,NA,NA,NA,0,0.9,-0.9,NA,NA,NA,NA,NA,NA,21,1,0,18,4.14,1.36,NA,NA,NA,NA,NA,NA,NA,NA,NA,2.1,NA
Yilber Diaz,ARI,National Pastime,2,1,-0,0.9,-0.9,NA,NA,NA,NA,NA,NA,49,3,0,49,4.12,1.37,NA,NA,NA,NA,NA,NA,NA,NA,NA,2.1,1.1
Thomas Harrington,PIT,NA,NA,1,-0,0.9,-0.9,NA,NA,NA,NA,NA,NA,9,0,0,7,4.58,1.33,NA,NA,NA,NA,NA,NA,NA,NA,NA,2.1,1.1
Huascar Brazoban,NYM,NA,NA,NA,0,0.9,-0.9,NA,NA,NA,NA,NA,NA,51,3,0,52,4.02,1.35,NA,NA,NA,NA,NA,NA,NA,NA,NA,2.1,NA
Zack Thompson,STL,NA,NA,NA,-0,0.9,-0.9,NA,NA,NA,NA,NA,NA,40,2,0,40,3.95,1.35,NA,NA,NA,NA,NA,NA,NA,NA,NA,2.1,NA
Hunter Stratton,PIT,NA,NA,NA,-0,0.9,-0.9,NA,NA,NA,NA,NA,NA,15,1,0,14,4.11,1.32,NA,NA,NA,NA,NA,NA,NA,NA,NA,2.1,NA
Kevin Herget,NYM,NA,NA,NA,0,0.9,-0.9,NA,NA,NA,NA,NA,NA,34,2,0,29,4.14,1.26,NA,NA,NA,NA,NA,NA,NA,NA,NA,2.1,NA
Andrew Saalfrank,ARI,NA,NA,NA,-0,0.9,-0.9,NA,NA,NA,NA,NA,NA,28,2,0,27,3.77,1.43,NA,NA,NA,NA,NA,NA,NA,NA,NA,2.1,NA
Enyel De Los Santos,ATL,NA,NA,NA,-0,0.9,-0.9,NA,NA,NA,NA,NA,NA,35,1,0,36,3.99,1.27,NA,NA,NA,NA,NA,NA,NA,NA,NA,2.1,NA
Kyle Nelson,ARI,Erie Lakers,2,1,0,0.9,-0.9,NA,NA,NA,NA,NA,NA,35,2,0,34,4.01,1.32,NA,NA,NA,NA,NA,NA,NA,NA,NA,2.1,1.1
Davis Daniel,ATL,NA,NA,NA,0,0.9,-0.9,NA,NA,NA,NA,NA,NA,15,1,0,13,4.09,1.25,NA,NA,NA,NA,NA,NA,NA,NA,NA,2.1,NA
Nick Frasso,LAD,NA,NA,NA,0,0.9,-0.9,NA,NA,NA,NA,NA,NA,15,1,0,14,4.05,1.27,NA,NA,NA,NA,NA,NA,NA,NA,NA,2.1,NA
Chad Patrick,MIL,NA,NA,NA,0,0.9,-0.9,NA,NA,NA,NA,NA,NA,24,1,0,22,4.24,1.25,NA,NA,NA,NA,NA,NA,NA,NA,NA,2.1,NA
Carson Ragsdale,SFG,NA,NA,NA,-0,0.9,-0.9,NA,NA,NA,NA,NA,NA,28,1,0,28,4.06,1.31,NA,NA,NA,NA,NA,NA,NA,NA,NA,2.1,NA
Trevor Richards,CHC,NA,NA,NA,-0,0.9,-0.9,NA,NA,NA,NA,NA,NA,26,1,0,28,4.24,1.32,NA,NA,NA,NA,NA,NA,NA,NA,NA,2.1,NA
Justin Hagenman,NYM,NA,NA,NA,-0,0.9,-0.9,NA,NA,NA,NA,NA,NA,12,1,0,11,4.3,1.27,NA,NA,NA,NA,NA,NA,NA,NA,NA,2.1,NA
Ethan Small,SFG,NA,NA,NA,-0,0.9,-0.9,NA,NA,NA,NA,NA,NA,13,1,0,12,4.03,1.37,NA,NA,NA,NA,NA,NA,NA,NA,NA,2.1,NA
John McMillon,PHI,Louisville Sluggers,2,1,-0,0.9,-0.9,NA,NA,NA,NA,NA,NA,21,2,0,24,4.4,1.44,NA,NA,NA,NA,NA,NA,NA,NA,NA,2.1,1.1
Dylan Dodd,ATL,NA,NA,NA,-0,0.9,-0.9,NA,NA,NA,NA,NA,NA,30,2,0,24,4.27,1.31,NA,NA,NA,NA,NA,NA,NA,NA,NA,2.1,NA
Jose E. Hernandez,LAD,NA,NA,NA,-0,0.9,-0.9,NA,NA,NA,NA,NA,NA,13,1,0,12,4.33,1.39,NA,NA,NA,NA,NA,NA,NA,NA,NA,2.1,NA
Max Rajcic,STL,NA,NA,NA,-0,0.9,-0.9,NA,NA,NA,NA,NA,NA,10,1,0,7,4.46,1.33,NA,NA,NA,NA,NA,NA,NA,NA,NA,2.1,NA
Colin Poche,WSN,NA,NA,NA,0,0.9,-0.9,NA,NA,NA,NA,NA,NA,56,3,0,50,4.25,1.3,NA,NA,NA,NA,NA,NA,NA,NA,NA,2.1,NA
Gage Workman,CHC,NA,NA,NA,0.2,1.1,-0.9000000000000001,70,2,8,8,2,0.222,NA,NA,NA,NA,NA,NA,0,0,0,1,1,0,1,1,0,2.1,NA
Graham Pauley,MIA,National Pastime,2,1,0.2,1.1,-0.9000000000000001,91,2,10,10,1,0.224,NA,NA,NA,NA,NA,NA,0,0,0,1,0,0,1,0,0,2.1,1.1
Luisangel Acuna,NYM,Melonheads,2,1,1.1,2.1,-1,168,3,21,16,8,0.246,NA,NA,NA,NA,NA,NA,0,0,0,0,1,0,0,1,0,1.8,0.8
Juan Yepez,WSN,Melonheads,2,1,0.5,1.5,-1,98,3,11,12,1,0.248,NA,NA,NA,NA,NA,NA,0,1,0,0,0,0,1,0,0,1.8,0.8
Bryce Eldridge,SFG,NA,NA,1,0.5,1.5,-1,91,3,10,11,1,0.238,NA,NA,NA,NA,NA,NA,0,1,0,0,0,0,1,0,0,1.8,0.8
Buddy Kennedy,PHI,NA,NA,NA,0.1,1.1,-1,42,1,5,4,0,0.235,NA,NA,NA,NA,NA,NA,0,0,1,1,0,0,1,1,0,1.8,NA
Kody Clemens,PHI,NA,NA,NA,0.1,1.1,-1,21,1,3,3,0,0.228,NA,NA,NA,NA,NA,NA,0,1,0,1,0,0,1,0,0,1.8,NA
Trey Lipscomb,WSN,NA,NA,NA,0.1,1.1,-1,35,0,3,3,1,0.242,NA,NA,NA,NA,NA,NA,0,0,0,1,0,0,1,0,0,1.8,NA
Grae Kessinger,ARI,NA,NA,NA,0.1,1.1,-1,56,1,6,5,1,0.215,NA,NA,NA,NA,NA,NA,0,0,1,1,0,0,1,1,0,1.8,NA
Jordan Montgomery,ARI,NA,NA,4,-0.1,0.9,-1,NA,NA,NA,NA,NA,NA,117,7,0,93,4.07,1.34,NA,NA,NA,NA,NA,NA,NA,NA,NA,1.8,-2.2
DJ Herz,WSN,National Pastime,2,1,-0.1,0.9,-1,NA,NA,NA,NA,NA,NA,109,6,0,119,4.2,1.36,NA,NA,NA,NA,NA,NA,NA,NA,NA,1.8,0.8
Cade Cavalli,WSN,NA,NA,1,-0.1,0.9,-1,NA,NA,NA,NA,NA,NA,82,5,0,78,4.23,1.34,NA,NA,NA,NA,NA,NA,NA,NA,NA,1.8,0.8
Hayden Birdsong,SFG,NA,NA,1,-0.1,0.9,-1,NA,NA,NA,NA,NA,NA,108,6,0,113,4.23,1.34,NA,NA,NA,NA,NA,NA,NA,NA,NA,1.8,0.8
Bryce Elder,ATL,National Pastime,2,1,-0.1,0.9,-1,NA,NA,NA,NA,NA,NA,46,3,0,39,4.19,1.35,NA,NA,NA,NA,NA,NA,NA,NA,NA,1.8,0.8
Declan Cronin,MIA,NA,NA,NA,-0.1,0.9,-1,NA,NA,NA,NA,NA,NA,67,3,1,58,3.94,1.38,NA,NA,NA,NA,NA,NA,NA,NA,NA,1.8,NA
Stephen Kolek,SDP,NA,NA,NA,-0.1,0.9,-1,NA,NA,NA,NA,NA,NA,47,3,0,38,4.24,1.35,NA,NA,NA,NA,NA,NA,NA,NA,NA,1.8,NA
Tony Santillan,CIN,NA,NA,1,-0.1,0.9,-1,NA,NA,NA,NA,NA,NA,58,3,1,66,4.39,1.35,NA,NA,NA,NA,NA,NA,NA,NA,NA,1.8,0.8
Landon Knack,LAD,National Pastime,2,1,-0.1,0.9,-1,NA,NA,NA,NA,NA,NA,43,2,0,42,4.25,1.25,NA,NA,NA,NA,NA,NA,NA,NA,NA,1.8,0.8
Mason Black,SFG,NA,NA,NA,-0.1,0.9,-1,NA,NA,NA,NA,NA,NA,50,3,0,44,4.27,1.32,NA,NA,NA,NA,NA,NA,NA,NA,NA,1.8,NA
Max Lazar,PHI,NA,NA,NA,-0.1,0.9,-1,NA,NA,NA,NA,NA,NA,50,3,0,41,4.28,1.3,NA,NA,NA,NA,NA,NA,NA,NA,NA,1.8,NA
Jonathan Pintaro,NYM,NA,NA,NA,-0.1,0.9,-1,NA,NA,NA,NA,NA,NA,8,0,0,7,4.61,1.39,NA,NA,NA,NA,NA,NA,NA,NA,NA,1.8,NA
Bryan Hoeing,SDP,NA,NA,NA,-0.1,0.9,-1,NA,NA,NA,NA,NA,NA,56,3,0,45,4.18,1.29,NA,NA,NA,NA,NA,NA,NA,NA,NA,1.8,NA
Tyler Stuart,WSN,NA,NA,NA,-0.1,0.9,-1,NA,NA,NA,NA,NA,NA,21,1,0,18,4.07,1.29,NA,NA,NA,NA,NA,NA,NA,NA,NA,1.8,NA
Jack Dreyer,LAD,NA,NA,NA,-0.1,0.9,-1,NA,NA,NA,NA,NA,NA,19,1,0,19,4.16,1.32,NA,NA,NA,NA,NA,NA,NA,NA,NA,1.8,NA
Jack Neely,CHC,NA,NA,NA,-0.1,0.9,-1,NA,NA,NA,NA,NA,NA,10,0,0,10,4.1,1.28,NA,NA,NA,NA,NA,NA,NA,NA,NA,1.8,NA
Josh Simpson,MIA,NA,NA,NA,-0.1,0.9,-1,NA,NA,NA,NA,NA,NA,33,2,0,35,4.14,1.41,NA,NA,NA,NA,NA,NA,NA,NA,NA,1.8,NA
Yohan Ramirez,PIT,NA,NA,NA,-0.1,0.9,-1,NA,NA,NA,NA,NA,NA,17,1,0,16,4.34,1.37,NA,NA,NA,NA,NA,NA,NA,NA,NA,1.8,NA
Hayden Harris,ATL,NA,NA,NA,-0.1,0.9,-1,NA,NA,NA,NA,NA,NA,17,1,0,18,4.12,1.39,NA,NA,NA,NA,NA,NA,NA,NA,NA,1.8,NA
Carson Seymour,SFG,NA,NA,NA,-0.1,0.9,-1,NA,NA,NA,NA,NA,NA,24,1,0,19,4,1.34,NA,NA,NA,NA,NA,NA,NA,NA,NA,1.8,NA
Alex Cornwell,STL,NA,NA,NA,-0.1,0.9,-1,NA,NA,NA,NA,NA,NA,8,0,0,6,4.14,1.35,NA,NA,NA,NA,NA,NA,NA,NA,NA,1.8,NA
J.B. Wendelken,SDP,NA,NA,NA,-0.1,0.9,-1,NA,NA,NA,NA,NA,NA,19,1,0,17,4.15,1.35,NA,NA,NA,NA,NA,NA,NA,NA,NA,1.8,NA
Gavin Hollowell,CHC,NA,NA,NA,-0.1,0.9,-1,NA,NA,NA,NA,NA,NA,6,0,0,6,4.28,1.34,NA,NA,NA,NA,NA,NA,NA,NA,NA,1.8,NA
Sem Robberse,STL,NA,NA,NA,-0.1,0.9,-1,NA,NA,NA,NA,NA,NA,21,1,0,17,4.19,1.32,NA,NA,NA,NA,NA,NA,NA,NA,NA,1.8,NA
Trent Harris,SFG,NA,NA,NA,-0.1,0.9,-1,NA,NA,NA,NA,NA,NA,10,0,0,9,4.03,1.33,0,0,0,0,0,1,0,0,0,1.8,NA
Tejay Antone,CIN,NA,NA,NA,-0.1,0.9,-1,NA,NA,NA,NA,NA,NA,8,0,0,7,4.81,1.41,NA,NA,NA,NA,NA,NA,NA,NA,NA,1.8,NA
Alek Jacob,SDP,NA,NA,NA,-0.1,0.9,-1,NA,NA,NA,NA,NA,NA,48,2,0,44,4.17,1.31,NA,NA,NA,NA,NA,NA,NA,NA,NA,1.8,NA
Ethan Roberts,CHC,NA,NA,NA,-0.1,0.9,-1,NA,NA,NA,NA,NA,NA,35,1,0,35,4.18,1.33,NA,NA,NA,NA,NA,NA,NA,NA,NA,1.8,NA
Elvin Rodriguez,MIL,NA,NA,NA,-0.1,0.9,-1,NA,NA,NA,NA,NA,NA,25,1,0,23,4.25,1.28,NA,NA,NA,NA,NA,NA,NA,NA,NA,1.8,NA
Cole Waites,SFG,NA,NA,NA,-0.1,0.9,-1,NA,NA,NA,NA,NA,NA,15,1,0,15,4.1,1.38,NA,NA,NA,NA,NA,NA,NA,NA,NA,1.8,NA
Giovanny Gallegos,LAD,NA,NA,NA,-0.1,0.9,-1,NA,NA,NA,NA,NA,NA,28,2,0,27,4.57,1.31,NA,NA,NA,NA,NA,NA,NA,NA,NA,1.8,NA
Xzavion Curry,MIA,NA,NA,NA,-0.1,0.9,-1,NA,NA,NA,NA,NA,NA,8,0,0,6,4.74,1.34,NA,NA,NA,NA,NA,NA,NA,NA,NA,1.8,NA
Drew Smith,NYM,Louisville Sluggers,2,1,-0.1,0.9,-1,NA,NA,NA,NA,NA,NA,14,1,0,14,4.26,1.32,NA,NA,NA,NA,NA,NA,NA,NA,NA,1.8,0.8
Anderson Pilar,ATL,NA,NA,NA,-0.1,0.9,-1,NA,NA,NA,NA,NA,NA,21,1,0,18,4.27,1.35,NA,NA,NA,NA,NA,NA,NA,NA,NA,1.8,NA
Randy Rodriguez,SFG,NA,NA,5,-0.1,0.9,-1,NA,NA,NA,NA,NA,NA,53,3,0,54,4.05,1.37,1,0,0,0,0,0,0,0,0,1.8,-3.2
Justin King,MIA,NA,NA,NA,-0.1,0.9,-1,NA,NA,NA,NA,NA,NA,15,1,0,15,4.49,1.47,NA,NA,NA,NA,NA,NA,NA,NA,NA,1.8,NA
Devin Sweet,PHI,NA,NA,NA,-0.1,0.9,-1,NA,NA,NA,NA,NA,NA,36,3,0,36,4.61,1.35,NA,NA,NA,NA,NA,NA,NA,NA,NA,1.8,NA
Omar Cruz,SDP,NA,NA,NA,-0.1,0.9,-1,NA,NA,NA,NA,NA,NA,22,1,0,21,4.27,1.35,NA,NA,NA,NA,NA,NA,NA,NA,NA,1.8,NA
Luis Patino,SDP,NA,NA,NA,-0.1,0.9,-1,NA,NA,NA,NA,NA,NA,12,1,0,10,4.57,1.36,0,0,0,0,0,1,0,0,0,1.8,NA
Luis Patino,SDP,NA,NA,NA,-0.1,0.9,-1,NA,NA,NA,NA,NA,NA,12,1,0,10,4.57,1.36,0,0,0,0,0,1,0,0,0,1.8,NA
Nick Anderson,STL,NA,NA,NA,-0.1,0.9,-1,NA,NA,NA,NA,NA,NA,44,3,0,39,4.23,1.35,NA,NA,NA,NA,NA,NA,NA,NA,NA,1.8,NA
Ron Marinaccio,SDP,NA,NA,NA,-0.1,0.9,-1,NA,NA,NA,NA,NA,NA,40,2,0,40,4.22,1.34,NA,NA,NA,NA,NA,NA,NA,NA,NA,1.8,NA
Jeff Brigham,ARI,NA,NA,NA,-0.1,0.9,-1,NA,NA,NA,NA,NA,NA,15,1,0,15,4.41,1.39,NA,NA,NA,NA,NA,NA,NA,NA,NA,1.8,NA
Trevor McDonald,SFG,NA,NA,NA,-0.1,0.9,-1,NA,NA,NA,NA,NA,NA,38,2,0,30,4.13,1.34,NA,NA,NA,NA,NA,NA,NA,NA,NA,1.8,NA
Billy Cook,PIT,NA,NA,NA,0.4,1.5,-1.1,91,3,10,10,3,0.231,NA,NA,NA,NA,NA,NA,0,1,0,0,0,1,1,0,0,1.4,NA
Grant McCray,SFG,NA,NA,NA,0.4,1.5,-1.1,119,3,14,13,4,0.224,NA,NA,NA,NA,NA,NA,0,0,0,0,0,1,0,0,0,1.4,NA
Brady House,WSN,NA,NA,NA,0,1.1,-1.1,35,1,4,4,0,0.229,NA,NA,NA,NA,NA,NA,0,0,0,1,0,0,1,0,0,1.4,NA
David Bote,LAD,NA,NA,NA,0,1.1,-1.1,14,0,1,2,0,0.228,NA,NA,NA,NA,NA,NA,0,0,0,1,0,0,1,0,0,1.4,NA
Christian Cairo,ATL,NA,NA,NA,0,1.1,-1.1,14,0,1,1,0,0.211,NA,NA,NA,NA,NA,NA,0,0,1,1,1,0,1,1,0,1.4,NA
Jose Fermin,STL,NA,NA,NA,-0,1.1,-1.1,7,0,1,1,0,0.237,NA,NA,NA,NA,NA,NA,0,0,0,1,0,0,1,0,0,1.4,NA
Frankie Montas,NYM,Westside Marauders,2,6,-0.2,0.9,-1.1,NA,NA,NA,NA,NA,NA,102,6,0,97,4.35,1.33,NA,NA,NA,NA,NA,NA,NA,NA,NA,1.4,-4.6
Brandon Sproat,NYM,NA,NA,1,-0.2,0.9,-1.1,NA,NA,NA,NA,NA,NA,25,1,0,22,4.23,1.34,NA,NA,NA,NA,NA,NA,NA,NA,NA,1.4,0.4
Seth Halvorsen,COL,Louisville Sluggers,2,1,-0.2,0.9,-1.1,NA,NA,NA,NA,NA,NA,63,4,9,58,4.67,1.42,NA,NA,NA,NA,NA,NA,NA,NA,NA,1.4,0.4
Hurston Waldrep,ATL,NA,NA,NA,-0.2,0.9,-1.1,NA,NA,NA,NA,NA,NA,29,2,0,26,4.46,1.44,NA,NA,NA,NA,NA,NA,NA,NA,NA,1.4,NA
Carlos Rodriguez,MIL,NA,NA,NA,-0.2,0.9,-1.1,NA,NA,NA,NA,NA,NA,30,2,0,27,4.57,1.34,0,0,0,0,0,1,0,0,0,1.4,NA
Joey Wentz,PIT,NA,NA,NA,-0.2,0.9,-1.1,NA,NA,NA,NA,NA,NA,57,3,1,56,4.26,1.37,NA,NA,NA,NA,NA,NA,NA,NA,NA,1.4,NA
Jose Ruiz,PHI,NA,NA,NA,-0.2,0.9,-1.1,NA,NA,NA,NA,NA,NA,62,3,0,61,4.27,1.33,NA,NA,NA,NA,NA,NA,NA,NA,NA,1.4,NA
Drue Hackenberg,ATL,NA,NA,NA,-0.2,0.9,-1.1,NA,NA,NA,NA,NA,NA,8,0,0,7,4.55,1.46,NA,NA,NA,NA,NA,NA,NA,NA,NA,1.4,NA
Tekoah Roby,STL,NA,NA,NA,-0.2,0.9,-1.1,NA,NA,NA,NA,NA,NA,8,0,0,6,4.58,1.36,NA,NA,NA,NA,NA,NA,NA,NA,NA,1.4,NA
Mason Thompson,WSN,NA,NA,NA,-0.2,0.9,-1.1,NA,NA,NA,NA,NA,NA,42,3,0,35,4.2,1.37,NA,NA,NA,NA,NA,NA,NA,NA,NA,1.4,NA
Josiah Gray,WSN,National Pastime,2,1,-0.2,0.9,-1.1,NA,NA,NA,NA,NA,NA,17,1,0,15,4.77,1.35,NA,NA,NA,NA,NA,NA,NA,NA,NA,1.4,0.4
Tyler Alexander,MIL,NA,NA,NA,-0.2,0.9,-1.1,NA,NA,NA,NA,NA,NA,59,3,0,49,4.52,1.25,NA,NA,NA,NA,NA,NA,NA,NA,NA,1.4,NA
Riley O'Brien,STL,NA,NA,NA,-0.2,0.9,-1.1,NA,NA,NA,NA,NA,NA,53,3,0,53,4.09,1.4,NA,NA,NA,NA,NA,NA,NA,NA,NA,1.4,NA
Gabriel Hughes,COL,NA,NA,NA,-0.2,0.9,-1.1,NA,NA,NA,NA,NA,NA,12,1,0,11,4.71,1.43,NA,NA,NA,NA,NA,NA,NA,NA,NA,1.4,NA
Ryan Borucki,PIT,NA,NA,NA,-0.2,0.9,-1.1,NA,NA,NA,NA,NA,NA,28,1,0,28,4.2,1.37,NA,NA,NA,NA,NA,NA,NA,NA,NA,1.4,NA
Justin Wrobleski,LAD,NA,NA,NA,-0.2,0.9,-1.1,NA,NA,NA,NA,NA,NA,36,2,0,32,4.38,1.32,NA,NA,NA,NA,NA,NA,NA,NA,NA,1.4,NA
Jake Woodford,COL,NA,NA,NA,-0.2,0.9,-1.1,NA,NA,NA,NA,NA,NA,10,0,0,7,4.78,1.4,NA,NA,NA,NA,NA,NA,NA,NA,NA,1.4,NA
Jack O'Loughlin,COL,NA,NA,NA,-0.2,0.9,-1.1,NA,NA,NA,NA,NA,NA,8,0,0,6,4.86,1.47,NA,NA,NA,NA,NA,NA,NA,NA,NA,1.4,NA
Tommy Henry,ARI,NA,NA,NA,-0.2,0.9,-1.1,NA,NA,NA,NA,NA,NA,24,1,0,21,4.11,1.35,NA,NA,NA,NA,NA,NA,NA,NA,NA,1.4,NA
Grant Anderson,MIL,NA,NA,NA,-0.2,0.9,-1.1,NA,NA,NA,NA,NA,NA,34,1,0,34,4.35,1.32,NA,NA,NA,NA,NA,NA,NA,NA,NA,1.4,NA
Francis Pena,SDP,NA,NA,NA,-0.2,0.9,-1.1,NA,NA,NA,NA,NA,NA,33,2,0,27,4.27,1.35,NA,NA,NA,NA,NA,NA,NA,NA,NA,1.4,NA
Grant Wolfram,MIL,NA,NA,NA,-0.2,0.9,-1.1,NA,NA,NA,NA,NA,NA,18,1,0,17,4.36,1.41,NA,NA,NA,NA,NA,NA,NA,NA,NA,1.4,NA
Chris Flexen,CHC,NA,NA,NA,-0.2,0.9,-1.1,NA,NA,NA,NA,NA,NA,16,1,0,13,4.56,1.38,NA,NA,NA,NA,NA,NA,NA,NA,NA,1.4,NA
Austin Warren,NYM,NA,NA,NA,-0.2,0.9,-1.1,NA,NA,NA,NA,NA,NA,10,0,0,9,4.36,1.35,NA,NA,NA,NA,NA,NA,NA,NA,NA,1.4,NA
Joey Lucchesi,SFG,NA,NA,NA,-0.2,0.9,-1.1,NA,NA,NA,NA,NA,NA,8,0,0,6,4.23,1.41,NA,NA,NA,NA,NA,NA,NA,NA,NA,1.4,NA
Joe Jacques,LAD,NA,NA,NA,-0.2,0.9,-1.1,NA,NA,NA,NA,NA,NA,10,0,0,8,4.44,1.4,NA,NA,NA,NA,NA,NA,NA,NA,NA,1.4,NA
Chris Devenski,NYM,NA,NA,NA,-0.2,0.9,-1.1,NA,NA,NA,NA,NA,NA,19,1,0,18,4.61,1.32,NA,NA,NA,NA,NA,NA,NA,NA,NA,1.4,NA
Brad Keller,CHC,NA,NA,NA,-0.2,0.9,-1.1,NA,NA,NA,NA,NA,NA,19,1,0,15,4.42,1.42,0,0,0,0,0,0,0,0,1,1.4,NA
Tom Cosgrove,SDP,NA,NA,NA,-0.2,0.9,-1.1,NA,NA,NA,NA,NA,NA,46,2,0,43,4.28,1.33,NA,NA,NA,NA,NA,NA,NA,NA,NA,1.4,NA
Max Kranick,NYM,NA,NA,NA,-0.2,0.9,-1.1,NA,NA,NA,NA,NA,NA,44,2,0,37,4.32,1.32,NA,NA,NA,NA,NA,NA,NA,NA,NA,1.4,NA
Chase Solesky,WSN,NA,NA,NA,-0.2,0.9,-1.1,NA,NA,NA,NA,NA,NA,12,1,0,7,4.81,1.43,NA,NA,NA,NA,NA,NA,NA,NA,NA,1.4,NA
Blake Walston,ARI,Louisville Sluggers,2,1,-0.2,0.9,-1.1,NA,NA,NA,NA,NA,NA,32,2,0,27,4.17,1.39,NA,NA,NA,NA,NA,NA,NA,NA,NA,1.4,0.4
Ryan Bergert,SDP,NA,NA,NA,-0.2,0.9,-1.1,NA,NA,NA,NA,NA,NA,17,1,0,14,4.57,1.37,NA,NA,NA,NA,NA,NA,NA,NA,NA,1.4,NA
Jose Urena,NYM,Hoosiers,2,1,-0.2,0.9,-1.1,NA,NA,NA,NA,NA,NA,17,1,0,13,4.62,1.39,0,0,0,1,0,0,1,0,0,1.4,0.4
Lou Trivino,SFG,NA,NA,NA,-0.2,0.9,-1.1,NA,NA,NA,NA,NA,NA,56,4,0,53,4.35,1.38,NA,NA,NA,NA,NA,NA,NA,NA,NA,1.4,NA
Manuel Margot,MIL,NA,NA,NA,0.3,1.5,-1.2,56,1,6,6,1,0.261,NA,NA,NA,NA,NA,NA,0,0,0,0,0,1,0,0,0,1.1,NA
Victor Mesa Jr.,MIA,NA,NA,NA,0.3,1.5,-1.2,98,2,10,10,1,0.23,NA,NA,NA,NA,NA,NA,0,0,0,0,0,1,0,0,0,1.1,NA
Weston Wilson,PHI,NA,NA,NA,0.3,1.5,-1.2,84,3,10,10,2,0.22,NA,NA,NA,NA,NA,NA,0,0,0,0,0,1,0,0,0,1.1,NA
Michael Helman,STL,NA,NA,NA,0.3,1.5,-1.2,63,2,7,7,2,0.226,NA,NA,NA,NA,NA,NA,0,0,0,0,1,1,0,1,0,1.1,NA
Andrew Heaney,PIT,NA,NA,2,-0.3,0.9,-1.2,NA,NA,NA,NA,NA,NA,130,7,0,124,4.51,1.29,NA,NA,NA,NA,NA,NA,NA,NA,NA,1.1,-0.9
Jordan Hicks,SFG,Rebuilding Year,2,4,-0.3,0.9,-1.2,NA,NA,NA,NA,NA,NA,136,8,0,127,4.06,1.39,NA,NA,NA,NA,NA,NA,NA,NA,NA,1.1,-2.9
Tony Gonsolin,LAD,NA,NA,2,-0.3,0.9,-1.2,NA,NA,NA,NA,NA,NA,99,6,0,86,4.49,1.28,NA,NA,NA,NA,NA,NA,NA,NA,NA,1.1,-0.9
Aaron Ashby,MIL,NA,NA,1,-0.3,0.9,-1.2,NA,NA,NA,NA,NA,NA,64,4,0,63,4.04,1.43,NA,NA,NA,NA,NA,NA,NA,NA,NA,1.1,0.1
Scott Alexander,COL,NA,NA,NA,-0.3,0.9,-1.2,NA,NA,NA,NA,NA,NA,56,3,0,42,4.12,1.36,NA,NA,NA,NA,NA,NA,NA,NA,NA,1.1,NA
Graham Ashcraft,CIN,NA,NA,1,-0.3,0.9,-1.2,NA,NA,NA,NA,NA,NA,53,3,0,44,4.41,1.32,NA,NA,NA,NA,NA,NA,NA,NA,NA,1.1,0.1
Mike Burrows,PIT,NA,NA,NA,-0.3,0.9,-1.2,NA,NA,NA,NA,NA,NA,41,2,0,35,4.4,1.34,NA,NA,NA,NA,NA,NA,NA,NA,NA,1.1,NA
Carson Palmquist,COL,NA,NA,NA,-0.3,0.9,-1.2,NA,NA,NA,NA,NA,NA,16,1,0,15,5.14,1.47,NA,NA,NA,NA,NA,NA,NA,NA,NA,1.1,NA
Alex Young,CIN,NA,NA,NA,-0.3,0.9,-1.2,NA,NA,NA,NA,NA,NA,22,1,0,19,4.63,1.41,NA,NA,NA,NA,NA,NA,NA,NA,NA,1.1,NA
Edgardo Henriquez,LAD,NA,NA,NA,-0.3,0.9,-1.2,NA,NA,NA,NA,NA,NA,33,1,0,35,4.42,1.37,NA,NA,NA,NA,NA,NA,NA,NA,NA,1.1,NA
Albert Abreu,CIN,NA,NA,NA,-0.3,0.9,-1.2,NA,NA,NA,NA,NA,NA,10,0,0,10,4.5,1.43,NA,NA,NA,NA,NA,NA,NA,NA,NA,1.1,NA
Peter Strzelecki,PIT,NA,NA,NA,-0.3,0.9,-1.2,NA,NA,NA,NA,NA,NA,26,1,0,23,4.48,1.38,NA,NA,NA,NA,NA,NA,NA,NA,NA,1.1,NA
Connor Phillips,CIN,NA,NA,NA,-0.3,0.9,-1.2,NA,NA,NA,NA,NA,NA,21,1,0,22,4.73,1.44,NA,NA,NA,NA,NA,NA,NA,NA,NA,1.1,NA
Chase Shugart,PIT,NA,NA,NA,-0.3,0.9,-1.2,NA,NA,NA,NA,NA,NA,19,1,0,15,4.52,1.41,NA,NA,NA,NA,NA,NA,NA,NA,NA,1.1,NA
Jose Cuas,PHI,NA,NA,NA,-0.3,0.9,-1.2,NA,NA,NA,NA,NA,NA,10,0,0,10,4.56,1.42,NA,NA,NA,NA,NA,NA,NA,NA,NA,1.1,NA
Lyon Richardson,CIN,NA,NA,NA,-0.3,0.9,-1.2,NA,NA,NA,NA,NA,NA,12,0,0,11,4.82,1.46,NA,NA,NA,NA,NA,NA,NA,NA,NA,1.1,NA
Janson Junk,MIA,NA,NA,NA,-0.3,0.9,-1.2,NA,NA,NA,NA,NA,NA,22,1,0,16,4.56,1.36,NA,NA,NA,NA,NA,NA,NA,NA,NA,1.1,NA
Zach Agnos,COL,NA,NA,NA,-0.3,0.9,-1.2,NA,NA,NA,NA,NA,NA,26,2,0,22,4.81,1.39,NA,NA,NA,NA,NA,NA,NA,NA,NA,1.1,NA
Josh Ekness,MIA,NA,NA,NA,-0.3,0.9,-1.2,NA,NA,NA,NA,NA,NA,18,1,0,16,4.58,1.45,NA,NA,NA,NA,NA,NA,NA,NA,NA,1.1,NA
Andry Lara,WSN,NA,NA,NA,-0.3,0.9,-1.2,NA,NA,NA,NA,NA,NA,22,1,0,17,4.61,1.38,NA,NA,NA,NA,NA,NA,NA,NA,NA,1.1,NA
Genesis Cabrera,NYM,NA,NA,NA,-0.3,0.9,-1.2,NA,NA,NA,NA,NA,NA,41,2,0,38,4.3,1.37,NA,NA,NA,NA,NA,NA,NA,NA,NA,1.1,NA
Andre Granillo,STL,NA,NA,NA,-0.3,0.9,-1.2,NA,NA,NA,NA,NA,NA,15,1,0,14,4.65,1.47,NA,NA,NA,NA,NA,NA,NA,NA,NA,1.1,NA
Domingo Gonzalez,ATL,NA,NA,NA,-0.3,0.9,-1.2,NA,NA,NA,NA,NA,NA,43,2,0,43,4.33,1.36,NA,NA,NA,NA,NA,NA,NA,NA,NA,1.1,NA
Jacob Misiorowski,MIL,Louisville Sluggers,2,1,-0.3,0.9,-1.2,NA,NA,NA,NA,NA,NA,36,2,0,39,4.46,1.38,NA,NA,NA,NA,NA,NA,NA,NA,NA,1.1,0.1
Roddery Munoz,STL,NA,NA,NA,-0.3,0.9,-1.2,NA,NA,NA,NA,NA,NA,26,1,0,23,4.62,1.4,NA,NA,NA,NA,NA,NA,NA,NA,NA,1.1,NA
Spencer Bivens,SFG,NA,NA,NA,-0.3,0.9,-1.2,NA,NA,NA,NA,NA,NA,40,2,0,30,4.32,1.37,NA,NA,NA,NA,NA,NA,NA,NA,NA,1.1,NA
Luarbert Arias,MIA,NA,NA,NA,-0.3,0.9,-1.2,NA,NA,NA,NA,NA,NA,44,3,0,39,4.59,1.36,NA,NA,NA,NA,NA,NA,NA,NA,NA,1.1,NA
Thomas Saggese,STL,NA,NA,1,0.9,2.1,-1.2000000000000002,210,6,23,25,2,0.242,NA,NA,NA,NA,NA,NA,0,0,1,0,0,0,0,1,0,1.1,0.1
Nick Yorke,PIT,Hoosiers,2,1,0.8,2.1,-1.3,154,3,17,16,3,0.251,NA,NA,NA,NA,NA,NA,0,0,1,0,0,0,0,1,0,0.8,-0.2
Cal Stevenson,PHI,NA,NA,NA,0.2,1.5,-1.3,42,1,5,4,2,0.227,NA,NA,NA,NA,NA,NA,0,0,0,0,0,1,0,0,0,0.8,NA
Brandon Lockridge,SDP,NA,NA,NA,0.2,1.5,-1.3,42,1,5,4,2,0.236,NA,NA,NA,NA,NA,NA,0,0,0,0,0,1,0,0,0,0.8,NA
Kevin Alcantara,CHC,NA,NA,NA,0.2,1.5,-1.3,49,1,5,5,1,0.238,NA,NA,NA,NA,NA,NA,0,0,0,0,0,1,0,0,0,0.8,NA
Darren Baker,WSN,NA,NA,NA,0.2,1.5,-1.3,28,0,3,2,1,0.255,NA,NA,NA,NA,NA,NA,0,0,1,0,0,1,0,1,0,0.8,NA
Greg Jones,COL,NA,NA,NA,0.2,1.5,-1.3,49,1,6,5,3,0.234,NA,NA,NA,NA,NA,NA,0,0,0,0,0,1,0,0,0,0.8,NA
Darick Hall,PIT,NA,NA,NA,0.2,1.5,-1.3,91,3,9,10,0,0.225,NA,NA,NA,NA,NA,NA,0,1,0,0,0,0,1,0,0,0.8,NA
Robert Hassell III,WSN,NA,NA,NA,0.2,1.5,-1.3,126,2,12,11,3,0.22,NA,NA,NA,NA,NA,NA,0,0,0,0,0,1,0,0,0,0.8,NA
Brady Singer,CIN,NA,NA,2,-0.4,0.9,-1.3,NA,NA,NA,NA,NA,NA,167,9,0,159,4.54,1.31,NA,NA,NA,NA,NA,NA,NA,NA,NA,0.8,-1.2
Andre Pallante,STL,NA,NA,1,-0.4,0.9,-1.3,NA,NA,NA,NA,NA,NA,153,9,0,113,3.92,1.41,NA,NA,NA,NA,NA,NA,NA,NA,NA,0.8,-0.2
Miles Mikolas,STL,Melonheads,2,3,-0.4,0.9,-1.3,NA,NA,NA,NA,NA,NA,176,9,0,123,4.46,1.27,NA,NA,NA,NA,NA,NA,NA,NA,NA,0.8,-2.2
Mitchell Parker,WSN,NA,NA,2,-0.4,0.9,-1.3,NA,NA,NA,NA,NA,NA,148,8,0,131,4.29,1.35,NA,NA,NA,NA,NA,NA,NA,NA,NA,0.8,-1.2
Jake Irvin,WSN,Erie Lakers,2,1,-0.4,0.9,-1.3,NA,NA,NA,NA,NA,NA,163,9,0,135,4.44,1.3,NA,NA,NA,NA,NA,NA,NA,NA,NA,0.8,-0.2
Matt Waldron,SDP,NA,NA,1,-0.4,0.9,-1.3,NA,NA,NA,NA,NA,NA,80,4,0,66,4.51,1.29,NA,NA,NA,NA,NA,NA,NA,NA,NA,0.8,-0.2
Andrew Painter,PHI,Blue Socks,2,1,-0.4,0.9,-1.3,NA,NA,NA,NA,NA,NA,64,3,0,62,4.53,1.32,NA,NA,NA,NA,NA,NA,NA,NA,NA,0.8,-0.2
Randy Vasquez,SDP,NA,NA,NA,-0.4,0.9,-1.3,NA,NA,NA,NA,NA,NA,65,4,0,50,4.44,1.34,NA,NA,NA,NA,NA,NA,NA,NA,NA,0.8,NA
Adam Mazur,MIA,NA,NA,NA,-0.4,0.9,-1.3,NA,NA,NA,NA,NA,NA,33,2,0,25,4.73,1.38,NA,NA,NA,NA,NA,NA,NA,NA,NA,0.8,NA
Caleb Kilian,CHC,NA,NA,NA,-0.4,0.9,-1.3,NA,NA,NA,NA,NA,NA,31,1,0,23,4.38,1.37,NA,NA,NA,NA,NA,NA,NA,NA,NA,0.8,NA
Ronny Henriquez,MIA,NA,NA,NA,-0.4,0.9,-1.3,NA,NA,NA,NA,NA,NA,53,2,0,45,4.17,1.35,NA,NA,NA,NA,NA,NA,NA,NA,NA,0.8,NA
Josh Staumont,CIN,NA,NA,NA,-0.4,0.9,-1.3,NA,NA,NA,NA,NA,NA,28,1,0,28,4.39,1.4,NA,NA,NA,NA,NA,NA,NA,NA,NA,0.8,NA
Patrick Monteverde,MIA,NA,NA,NA,-0.4,0.9,-1.3,NA,NA,NA,NA,NA,NA,35,2,0,26,4.54,1.39,NA,NA,NA,NA,NA,NA,NA,NA,NA,0.8,NA
Kyle Nicolas,PIT,NA,NA,NA,-0.4,0.9,-1.3,NA,NA,NA,NA,NA,NA,44,2,0,44,4.3,1.42,NA,NA,NA,NA,NA,NA,NA,NA,NA,0.8,NA
Ryan Loutos,STL,NA,NA,NA,-0.4,0.9,-1.3,NA,NA,NA,NA,NA,NA,48,2,0,39,4.2,1.39,NA,NA,NA,NA,NA,NA,NA,NA,NA,0.8,NA
Scott McGough,ARI,NA,NA,NA,-0.4,0.9,-1.3,NA,NA,NA,NA,NA,NA,22,1,0,21,4.48,1.44,NA,NA,NA,NA,NA,NA,NA,NA,NA,0.8,NA
Alan Rangel,PHI,NA,NA,NA,-0.4,0.9,-1.3,NA,NA,NA,NA,NA,NA,32,2,0,27,4.72,1.33,NA,NA,NA,NA,NA,NA,NA,NA,NA,0.8,NA
Rolddy Munoz,ATL,NA,NA,NA,-0.4,0.9,-1.3,NA,NA,NA,NA,NA,NA,22,1,0,20,4.41,1.44,NA,NA,NA,NA,NA,NA,NA,NA,NA,0.8,NA
Bradgley Rodriguez,SDP,NA,NA,NA,-0.4,0.9,-1.3,NA,NA,NA,NA,NA,NA,26,1,0,24,4.44,1.41,NA,NA,NA,NA,NA,NA,NA,NA,NA,0.8,NA
Bailey Horn,STL,NA,NA,NA,-0.4,0.9,-1.3,NA,NA,NA,NA,NA,NA,22,1,0,20,4.4,1.46,NA,NA,NA,NA,NA,NA,NA,NA,NA,0.8,NA
John Curtiss,ARI,NA,NA,NA,-0.4,0.9,-1.3,NA,NA,NA,NA,NA,NA,18,1,0,14,4.89,1.42,NA,NA,NA,NA,NA,NA,NA,NA,NA,0.8,NA
Guillo Zuniga,PHI,NA,NA,NA,-0.4,0.9,-1.3,NA,NA,NA,NA,NA,NA,17,1,0,14,4.97,1.44,NA,NA,NA,NA,NA,NA,NA,NA,NA,0.8,NA
Matt Svanson,STL,NA,NA,NA,-0.4,0.9,-1.3,NA,NA,NA,NA,NA,NA,35,2,0,25,4.42,1.41,NA,NA,NA,NA,NA,NA,NA,NA,NA,0.8,NA
Matt Pushard,MIA,NA,NA,NA,-0.4,0.9,-1.3,NA,NA,NA,NA,NA,NA,24,1,0,20,4.62,1.42,NA,NA,NA,NA,NA,NA,NA,NA,NA,0.8,NA
Chris Roycroft,STL,NA,NA,NA,-0.4,0.9,-1.3,NA,NA,NA,NA,NA,NA,51,3,0,42,4.13,1.42,NA,NA,NA,NA,NA,NA,NA,NA,NA,0.8,NA
Antonio Jimenez,SFG,NA,NA,NA,-0.4,0.9,-1.3,NA,NA,NA,NA,NA,NA,26,1,0,20,4.39,1.41,NA,NA,NA,NA,NA,NA,NA,NA,NA,0.8,NA
Jake Diekman,ATL,NA,NA,NA,-0.4,0.9,-1.3,NA,NA,NA,NA,NA,NA,46,2,0,54,4.32,1.45,NA,NA,NA,NA,NA,NA,NA,NA,NA,0.8,NA
Anthony Veneziano,MIA,NA,NA,NA,-0.4,0.9,-1.3,NA,NA,NA,NA,NA,NA,56,3,0,46,4.31,1.39,NA,NA,NA,NA,NA,NA,NA,NA,NA,0.8,NA
Owen Caissie,CHC,NA,NA,1,0.1,1.5,-1.4,35,1,4,4,0,0.238,NA,NA,NA,NA,NA,NA,0,0,0,0,0,1,0,0,0,0.4,-0.6
James Outman,LAD,Westside Marauders,2,1,0.1,1.5,-1.4,14,0,2,2,0,0.22,NA,NA,NA,NA,NA,NA,0,0,0,0,0,1,0,0,0,0.4,-0.6
Brewer Hicklen,MIL,NA,NA,NA,0.1,1.5,-1.4,28,1,3,4,1,0.203,NA,NA,NA,NA,NA,NA,0,0,0,0,0,1,0,0,0,0.4,NA
Brewer Hicklen,MIL,NA,NA,NA,0.1,1.5,-1.4,28,1,3,4,1,0.203,NA,NA,NA,NA,NA,NA,0,0,0,0,0,1,0,0,0,0.4,NA
Ji Hwan Bae,PIT,NA,NA,NA,0.1,1.5,-1.4,14,0,2,1,1,0.258,NA,NA,NA,NA,NA,NA,0,0,0,0,0,1,0,0,0,0.4,NA
Jakob Marsee,MIA,NA,NA,NA,0.1,1.5,-1.4,21,0,2,2,1,0.205,NA,NA,NA,NA,NA,NA,0,0,0,0,0,1,0,0,0,0.4,NA
Blake Dunn,CIN,NA,NA,NA,0.1,1.5,-1.4,14,0,2,1,1,0.229,NA,NA,NA,NA,NA,NA,0,0,0,0,0,1,0,0,0,0.4,NA
Andres Chaparro,WSN,NA,NA,NA,0.1,1.5,-1.4,28,1,3,3,0,0.242,NA,NA,NA,NA,NA,NA,0,1,0,0,0,0,1,0,1,0.4,NA
Jacob Hurtubise,CIN,NA,NA,NA,0.1,1.5,-1.4,14,0,2,1,1,0.24,NA,NA,NA,NA,NA,NA,0,0,0,0,0,1,0,0,0,0.4,NA
Owen Miller,COL,NA,NA,NA,0.1,1.5,-1.4,7,0,1,1,0,0.263,NA,NA,NA,NA,NA,NA,0,1,0,0,0,0,1,0,0,0.4,NA
Jake Bauers,MIL,Big Red Machine,2,1,0.1,1.5,-1.4,28,1,3,3,1,0.202,NA,NA,NA,NA,NA,NA,0,1,0,0,0,0,1,0,0,0.4,-0.6
Paul Blackburn,NYM,NA,NA,1,-0.5,0.9,-1.4,NA,NA,NA,NA,NA,NA,115,7,0,94,4.39,1.34,NA,NA,NA,NA,NA,NA,NA,NA,NA,0.4,-0.6
Johan Oviedo,PIT,NA,NA,1,-0.5,0.9,-1.4,NA,NA,NA,NA,NA,NA,76,4,0,68,4.31,1.36,NA,NA,NA,NA,NA,NA,NA,NA,NA,0.4,-0.6
Joe Ross,PHI,NA,NA,NA,-0.5,0.9,-1.4,NA,NA,NA,NA,NA,NA,63,3,0,55,4.37,1.35,NA,NA,NA,NA,NA,NA,NA,NA,NA,0.4,NA
Tim Mayza,PIT,NA,NA,NA,-0.5,0.9,-1.4,NA,NA,NA,NA,NA,NA,55,2,0,41,4.07,1.4,NA,NA,NA,NA,NA,NA,NA,NA,NA,0.4,NA
Gordon Graceffo,STL,NA,NA,NA,-0.5,0.9,-1.4,NA,NA,NA,NA,NA,NA,47,2,0,33,4.37,1.34,NA,NA,NA,NA,NA,NA,NA,NA,NA,0.4,NA
Zach Maxwell,CIN,NA,NA,NA,-0.5,0.9,-1.4,NA,NA,NA,NA,NA,NA,33,2,0,36,4.62,1.45,NA,NA,NA,NA,NA,NA,NA,NA,NA,0.4,NA
Kyle Tyler,PHI,NA,NA,NA,-0.5,0.9,-1.4,NA,NA,NA,NA,NA,NA,28,1,0,22,4.57,1.41,NA,NA,NA,NA,NA,NA,NA,NA,NA,0.4,NA
John Rooney,MIA,NA,NA,NA,-0.5,0.9,-1.4,NA,NA,NA,NA,NA,NA,28,1,0,24,4.43,1.44,NA,NA,NA,NA,NA,NA,NA,NA,NA,0.4,NA
Jefry Yan,COL,NA,NA,NA,-0.5,0.9,-1.4,NA,NA,NA,NA,NA,NA,17,1,0,16,4.83,1.56,NA,NA,NA,NA,NA,NA,NA,NA,NA,0.4,NA
Mick Abel,PHI,Blue Socks,2,1,-0.5,0.9,-1.4,NA,NA,NA,NA,NA,NA,22,1,0,20,4.76,1.46,NA,NA,NA,NA,NA,NA,NA,NA,NA,0.4,-0.6
Juan Nunez,SDP,NA,NA,NA,-0.5,0.9,-1.4,NA,NA,NA,NA,NA,NA,10,0,0,8,4.99,1.55,NA,NA,NA,NA,NA,NA,NA,NA,NA,0.4,NA
Buck Farmer,ATL,NA,NA,NA,-0.5,0.9,-1.4,NA,NA,NA,NA,NA,NA,50,2,0,49,4.49,1.37,NA,NA,NA,NA,NA,NA,NA,NA,NA,0.4,NA
Sean Reynolds,SDP,NA,NA,NA,-0.5,0.9,-1.4,NA,NA,NA,NA,NA,NA,53,2,1,52,4.31,1.43,NA,NA,NA,NA,NA,NA,NA,NA,NA,0.4,NA
Connor Gillispie,MIA,NA,NA,NA,-0.5,0.9,-1.4,NA,NA,NA,NA,NA,NA,41,2,0,34,4.6,1.38,NA,NA,NA,NA,NA,NA,NA,NA,NA,0.4,NA
Ben Casparius,LAD,NA,NA,NA,-0.5,0.9,-1.4,NA,NA,NA,NA,NA,NA,38,2,0,37,4.68,1.39,NA,NA,NA,NA,NA,NA,NA,NA,NA,0.4,NA
Kyle Leahy,STL,NA,NA,NA,-0.5,0.9,-1.4,NA,NA,NA,NA,NA,NA,56,3,0,44,4.27,1.37,NA,NA,NA,NA,NA,NA,NA,NA,NA,0.4,NA
Amos Willingham,ATL,NA,NA,NA,-0.5,0.9,-1.4,NA,NA,NA,NA,NA,NA,44,3,0,38,4.49,1.4,NA,NA,NA,NA,NA,NA,NA,NA,NA,0.4,NA
Lucas Sims,WSN,NA,NA,NA,-0.5,0.9,-1.4,NA,NA,NA,NA,NA,NA,58,3,1,60,4.49,1.39,NA,NA,NA,NA,NA,NA,NA,NA,NA,0.4,NA
Brett Wisely,SFG,NA,NA,NA,0.6,2.1,-1.5,147,3,17,15,3,0.24,NA,NA,NA,NA,NA,NA,0,0,1,0,1,0,0,1,0,0.1,NA
Wade Meckler,SFG,NA,NA,NA,0,1.5,-1.5,14,0,2,1,0,0.266,NA,NA,NA,NA,NA,NA,0,0,0,0,0,1,0,0,0,0.1,NA
Eli White,ATL,NA,NA,NA,0,1.5,-1.5,21,0,3,2,1,0.228,NA,NA,NA,NA,NA,NA,0,0,0,0,0,1,0,0,0,0.1,NA
Alexander Canario,NYM,NA,NA,NA,0,1.5,-1.5,28,1,3,4,0,0.209,NA,NA,NA,NA,NA,NA,0,0,0,0,0,1,0,0,0,0.1,NA
Isaac Collins,MIL,NA,NA,NA,-0,1.5,-1.5,7,0,1,1,0,0.222,NA,NA,NA,NA,NA,NA,0,0,0,0,0,1,0,0,0,0.1,NA
Oscar Gonzalez,SDP,NA,NA,NA,0,1.5,-1.5,14,0,2,2,0,0.252,NA,NA,NA,NA,NA,NA,0,0,0,0,0,1,0,0,0,0.1,NA
Yuli Gurriel,SDP,NA,NA,NA,-0,1.5,-1.5,14,0,1,1,0,0.254,NA,NA,NA,NA,NA,NA,0,1,0,0,0,0,1,0,0,0.1,NA
Jorge Barrosa,ARI,National Pastime,2,1,-0,1.5,-1.5,7,0,1,1,0,0.233,NA,NA,NA,NA,NA,NA,0,0,0,0,0,1,0,0,0,0.1,-0.9
Cooper Bowman,CIN,NA,NA,NA,-0,1.5,-1.5,7,0,1,1,0,0.221,NA,NA,NA,NA,NA,NA,0,0,1,0,0,1,0,1,0,0.1,NA
DJ Stewart,PIT,NA,NA,NA,0,1.5,-1.5,35,1,4,4,0,0.214,NA,NA,NA,NA,NA,NA,0,0,0,0,0,1,0,0,1,0.1,NA
Garrett Cooper,ATL,NA,NA,NA,-0,1.5,-1.5,7,0,1,1,0,0.236,NA,NA,NA,NA,NA,NA,0,1,0,0,0,0,1,0,0,0.1,NA
Stone Garrett,WSN,NA,NA,NA,-0,1.5,-1.5,7,0,1,1,0,0.225,NA,NA,NA,NA,NA,NA,0,0,0,0,0,1,0,0,0,0.1,NA
Trey Mancini,ARI,NA,NA,NA,-0,1.5,-1.5,14,0,1,1,0,0.231,NA,NA,NA,NA,NA,NA,0,1,0,0,0,0,1,0,0,0.1,NA
Andrew Abbott,CIN,Westside Marauders,Opt,1,-0.6,0.9,-1.5,NA,NA,NA,NA,NA,NA,133,8,0,127,4.57,1.34,NA,NA,NA,NA,NA,NA,NA,NA,NA,0.1,-0.9
Ryan Weathers,MIA,NA,NA,3,-0.6,0.9,-1.5,NA,NA,NA,NA,NA,NA,142,7,0,124,4.3,1.36,NA,NA,NA,NA,NA,NA,NA,NA,NA,0.1,-2.9
Ian Anderson,ATL,NA,NA,1,-0.6,0.9,-1.5,NA,NA,NA,NA,NA,NA,92,5,0,79,4.26,1.41,NA,NA,NA,NA,NA,NA,NA,NA,NA,0.1,-0.9
Michael Soroka,WSN,NA,NA,1,-0.6,0.9,-1.5,NA,NA,NA,NA,NA,NA,121,7,0,113,4.44,1.34,NA,NA,NA,NA,NA,NA,NA,NA,NA,0.1,-0.9
Robby Snelling,MIA,NA,NA,NA,-0.6,0.9,-1.5,NA,NA,NA,NA,NA,NA,25,1,0,18,4.68,1.46,NA,NA,NA,NA,NA,NA,NA,NA,NA,0.1,NA
Brent Suter,CIN,NA,NA,NA,-0.6,0.9,-1.5,NA,NA,NA,NA,NA,NA,63,3,0,49,4.42,1.37,NA,NA,NA,NA,NA,NA,NA,NA,NA,0.1,NA
Yosver Zulueta,CIN,NA,NA,NA,-0.6,0.9,-1.5,NA,NA,NA,NA,NA,NA,46,2,0,46,4.49,1.43,NA,NA,NA,NA,NA,NA,NA,NA,NA,0.1,NA
Tyler Phillips,PHI,National Pastime,2,1,-0.6,0.9,-1.5,NA,NA,NA,NA,NA,NA,43,2,0,32,4.51,1.37,NA,NA,NA,NA,NA,NA,NA,NA,NA,0.1,-0.9
Tommy Doyle,COL,NA,NA,NA,-0.6,0.9,-1.5,NA,NA,NA,NA,NA,NA,21,1,0,17,4.95,1.48,NA,NA,NA,NA,NA,NA,NA,NA,NA,0.1,NA
Zach Brzykcy,WSN,NA,NA,NA,-0.6,0.9,-1.5,NA,NA,NA,NA,NA,NA,48,2,0,48,4.42,1.39,NA,NA,NA,NA,NA,NA,NA,NA,NA,0.1,NA
Evan Reifert,WSN,NA,NA,NA,-0.6,0.9,-1.5,NA,NA,NA,NA,NA,NA,52,2,0,55,4.49,1.41,NA,NA,NA,NA,NA,NA,NA,NA,NA,0.1,NA
Bryan Shaw,CIN,NA,NA,NA,-0.6,0.9,-1.5,NA,NA,NA,NA,NA,NA,17,1,0,14,5.29,1.56,NA,NA,NA,NA,NA,NA,NA,NA,NA,0.1,NA
George Soriano,MIA,NA,NA,NA,-0.6,0.9,-1.5,NA,NA,NA,NA,NA,NA,48,2,0,45,4.48,1.39,NA,NA,NA,NA,NA,NA,NA,NA,NA,0.1,NA
Tyler Zuber,NYM,NA,NA,NA,-0.6,0.9,-1.5,NA,NA,NA,NA,NA,NA,33,2,0,31,4.83,1.43,NA,NA,NA,NA,NA,NA,NA,NA,NA,0.1,NA
Lake Bachar,MIA,NA,NA,NA,-0.6,0.9,-1.5,NA,NA,NA,NA,NA,NA,58,3,1,53,4.51,1.39,NA,NA,NA,NA,NA,NA,NA,NA,NA,0.1,NA
Miguel Rojas,LAD,Erie Lakers,2,1,0.5,2.1,-1.6,98,2,10,10,2,0.256,NA,NA,NA,NA,NA,NA,0,0,0,0,1,0,0,1,0,-0.3,-1.3
Max Meyer,MIA,Westside Marauders,2,5,-0.7,0.9,-1.6,NA,NA,NA,NA,NA,NA,133,7,0,117,4.3,1.36,NA,NA,NA,NA,NA,NA,NA,NA,NA,-0.3,-5.3
Javier Assad,CHC,National Pastime,2,1,-0.7,0.9,-1.6,NA,NA,NA,NA,NA,NA,137,7,0,113,4.28,1.37,NA,NA,NA,NA,NA,NA,NA,NA,NA,-0.3,-1.3
Griffin Canning,NYM,NA,NA,2,-0.7,0.9,-1.6,NA,NA,NA,NA,NA,NA,98,5,0,88,4.59,1.33,NA,NA,NA,NA,NA,NA,NA,NA,NA,-0.3,-2.3
Chase Petty,CIN,NA,NA,NA,-0.7,0.9,-1.6,NA,NA,NA,NA,NA,NA,32,1,0,24,4.95,1.43,NA,NA,NA,NA,NA,NA,NA,NA,NA,-0.3,NA
Carson Spiers,CIN,NA,NA,NA,-0.7,0.9,-1.6,NA,NA,NA,NA,NA,NA,46,2,0,40,4.89,1.37,NA,NA,NA,NA,NA,NA,NA,NA,NA,-0.3,NA
Jimmy Herget,COL,NA,NA,NA,-0.7,0.9,-1.6,NA,NA,NA,NA,NA,NA,50,3,0,43,4.79,1.39,NA,NA,NA,NA,NA,NA,NA,NA,NA,-0.3,NA
Jackson Rutledge,WSN,NA,NA,NA,-0.7,0.9,-1.6,NA,NA,NA,NA,NA,NA,32,1,0,26,4.69,1.41,NA,NA,NA,NA,NA,NA,NA,NA,NA,-0.3,NA
Justin Lawrence,PIT,Rebuilding Year,2,4,-0.7,0.9,-1.6,NA,NA,NA,NA,NA,NA,66,4,0,60,4.39,1.44,NA,NA,NA,NA,NA,NA,NA,NA,NA,-0.3,-4.3
Angel Chivilli,COL,NA,NA,NA,-0.7,0.9,-1.6,NA,NA,NA,NA,NA,NA,53,3,0,48,4.76,1.39,NA,NA,NA,NA,NA,NA,NA,NA,NA,-0.3,NA
Orlando Ribalta,WSN,NA,NA,NA,-0.7,0.9,-1.6,NA,NA,NA,NA,NA,NA,28,1,0,25,4.82,1.48,NA,NA,NA,NA,NA,NA,NA,NA,NA,-0.3,NA
Griff McGarry,PHI,NA,NA,NA,-0.7,0.9,-1.6,NA,NA,NA,NA,NA,NA,26,1,0,27,4.8,1.56,NA,NA,NA,NA,NA,NA,NA,NA,NA,-0.3,NA
Nick Allen,ATL,NA,NA,NA,0.4,2.1,-1.7000000000000002,105,1,11,10,2,0.249,NA,NA,NA,NA,NA,NA,0,0,0,0,1,0,0,1,0,-0.6,NA
Jared Serna,MIA,NA,NA,NA,0.4,2.1,-1.7000000000000002,98,2,11,10,2,0.231,NA,NA,NA,NA,NA,NA,0,0,0,0,1,0,0,1,0,-0.6,NA
Max Acosta,MIA,NA,NA,NA,0.4,2.1,-1.7000000000000002,63,1,7,6,2,0.25,NA,NA,NA,NA,NA,NA,NA,NA,NA,NA,NA,NA,NA,NA,NA,-0.6,NA
Vidal Brujan,CHC,NA,NA,1,0.4,2.1,-1.7000000000000002,112,2,13,10,4,0.226,NA,NA,NA,NA,NA,NA,0,0,1,0,1,0,0,1,0,-0.6,-1.6
Colin Rea,CHC,NA,NA,1,-0.8,0.9,-1.7000000000000002,NA,NA,NA,NA,NA,NA,122,6,0,97,4.53,1.3,NA,NA,NA,NA,NA,NA,NA,NA,NA,-0.6,-1.6
Victor Vodnik,COL,NA,NA,NA,-0.8,0.9,-1.7000000000000002,NA,NA,NA,NA,NA,NA,66,3,3,63,4.44,1.46,NA,NA,NA,NA,NA,NA,NA,NA,NA,-0.6,NA
Anthony Molina,COL,NA,NA,NA,-0.8,0.9,-1.7000000000000002,NA,NA,NA,NA,NA,NA,33,1,0,23,4.89,1.42,NA,NA,NA,NA,NA,NA,NA,NA,NA,-0.6,NA
Juan Mejia,COL,NA,NA,NA,-0.8,0.9,-1.7000000000000002,NA,NA,NA,NA,NA,NA,22,1,0,19,5.2,1.56,NA,NA,NA,NA,NA,NA,NA,NA,NA,-0.6,NA
Seth Johnson,PHI,NA,NA,NA,-0.8,0.9,-1.7000000000000002,NA,NA,NA,NA,NA,NA,24,1,0,19,5.14,1.51,NA,NA,NA,NA,NA,NA,NA,NA,NA,-0.6,NA
Cole Henry,WSN,NA,NA,NA,-0.8,0.9,-1.7000000000000002,NA,NA,NA,NA,NA,NA,40,1,0,35,4.82,1.42,NA,NA,NA,NA,NA,NA,NA,NA,NA,-0.6,NA
Eduardo Salazar,WSN,NA,NA,NA,-0.8,0.9,-1.7000000000000002,NA,NA,NA,NA,NA,NA,50,2,0,37,4.47,1.43,NA,NA,NA,NA,NA,NA,NA,NA,NA,-0.6,NA
Michael Mercado,PHI,NA,NA,NA,-0.8,0.9,-1.7000000000000002,NA,NA,NA,NA,NA,NA,40,2,0,35,4.97,1.43,NA,NA,NA,NA,NA,NA,NA,NA,NA,-0.6,NA
Luken Baker,STL,NA,NA,NA,0.3,2.1,-1.8,126,5,13,17,0,0.215,NA,NA,NA,NA,NA,NA,0,0,0,0,0,0,0,0,1,-0.9,NA
Blaze Alexander,ARI,National Pastime,2,1,0.3,2.1,-1.8,126,2,13,13,2,0.228,NA,NA,NA,NA,NA,NA,0,0,1,0,1,0,0,1,0,-0.9,-1.9
Jose Quintana,MIL,Louisville Sluggers,2,1,-0.9,0.9,-1.8,NA,NA,NA,NA,NA,NA,131,8,0,108,4.31,1.4,0,0,0,0,1,0,0,1,0,-0.9,-1.9
Bubba Chandler,PIT,NA,NA,4,-0.9,0.9,-1.8,NA,NA,NA,NA,NA,NA,75,4,0,65,4.51,1.39,NA,NA,NA,NA,NA,NA,NA,NA,NA,-0.9,-4.9
Tanner Gordon,COL,NA,NA,NA,-0.9,0.9,-1.8,NA,NA,NA,NA,NA,NA,39,2,0,28,5,1.38,NA,NA,NA,NA,NA,NA,NA,NA,NA,-0.9,NA
Jaden Hill,COL,NA,NA,NA,-0.9,0.9,-1.8,NA,NA,NA,NA,NA,NA,42,2,0,37,5.01,1.45,NA,NA,NA,NA,NA,NA,NA,NA,NA,-0.9,NA
Bryce Jarvis,ARI,NA,NA,NA,-0.9,0.9,-1.8,NA,NA,NA,NA,NA,NA,48,2,0,38,4.43,1.45,NA,NA,NA,NA,NA,NA,NA,NA,NA,-0.9,NA
Bailey Falter,PIT,National Pastime,2,1,-1,0.9,-1.9,NA,NA,NA,NA,NA,NA,124,6,0,91,4.49,1.33,NA,NA,NA,NA,NA,NA,NA,NA,NA,-1.3,-2.3
Trevor Williams,WSN,Big Red Machine,2,1,-1,0.9,-1.9,NA,NA,NA,NA,NA,NA,113,6,0,90,4.53,1.37,NA,NA,NA,NA,NA,NA,NA,NA,NA,-1.3,-2.3
Taijuan Walker,PHI,NA,NA,NA,-1,0.9,-1.9,NA,NA,NA,NA,NA,NA,66,3,0,48,4.81,1.38,NA,NA,NA,NA,NA,NA,NA,NA,NA,-1.3,NA
Jake Bird,COL,NA,NA,NA,-1,0.9,-1.9,NA,NA,NA,NA,NA,NA,61,2,1,52,4.61,1.45,NA,NA,NA,NA,NA,NA,NA,NA,NA,-1.3,NA
Lucas Gilbreath,COL,NA,NA,NA,-1,0.9,-1.9,NA,NA,NA,NA,NA,NA,46,2,0,42,4.73,1.49,NA,NA,NA,NA,NA,NA,NA,NA,NA,-1.3,NA
Brett de Geus,MIA,NA,NA,NA,-1,0.9,-1.9,NA,NA,NA,NA,NA,NA,39,2,0,27,4.78,1.49,NA,NA,NA,NA,NA,NA,NA,NA,NA,-1.3,NA
Andrew Moore,CIN,NA,NA,NA,-1,0.9,-1.9,NA,NA,NA,NA,NA,NA,32,1,0,34,5.1,1.55,NA,NA,NA,NA,NA,NA,NA,NA,NA,-1.3,NA
Casey Schmitt,SFG,NA,NA,NA,0.2,2.1,-1.9000000000000001,49,1,5,6,1,0.243,NA,NA,NA,NA,NA,NA,0,0,1,0,1,0,0,1,0,-1.3,NA
Ronny Mauricio,NYM,NA,NA,1,0.2,2.1,-1.9000000000000001,42,1,5,5,1,0.241,NA,NA,NA,NA,NA,NA,0,0,1,0,0,0,0,1,0,-1.3,-2.3
Luke Williams,ATL,NA,NA,NA,0.2,2.1,-1.9000000000000001,35,1,4,4,2,0.226,NA,NA,NA,NA,NA,NA,0,0,1,0,0,0,0,1,0,-1.3,NA
Adael Amador,COL,Hoosiers,2,1,0.2,2.1,-1.9000000000000001,28,1,3,3,1,0.242,NA,NA,NA,NA,NA,NA,0,0,1,0,0,0,0,1,0,-1.3,-2.3
Liover Peguero,PIT,NA,NA,NA,0.1,2.1,-2,28,1,3,3,1,0.235,NA,NA,NA,NA,NA,NA,0,0,1,0,1,0,0,1,0,-1.6,NA
Matt Koperniak,STL,NA,NA,NA,0.1,2.1,-2,21,0,2,2,0,0.251,NA,NA,NA,NA,NA,NA,NA,NA,NA,NA,NA,NA,NA,NA,NA,-1.6,NA
Keston Hiura,COL,NA,NA,NA,0.1,2.1,-2,14,1,2,2,0,0.252,NA,NA,NA,NA,NA,NA,0,0,1,0,0,0,0,1,0,-1.6,NA
Nicky Lopez,CHC,NA,NA,NA,0.1,2.1,-2,7,0,1,0,0,0.244,NA,NA,NA,NA,NA,NA,0,0,1,0,1,0,0,1,0,-1.6,NA
Osleivis Basabe,SFG,NA,NA,NA,0.1,2.1,-2,7,0,1,1,0,0.249,NA,NA,NA,NA,NA,NA,0,0,0,0,1,0,0,1,0,-1.6,NA
Carlos D. Rodriguez,ATL,NA,NA,NA,0.1,2.1,-2,7,0,1,1,0,0.26,NA,NA,NA,NA,NA,NA,NA,NA,NA,NA,NA,NA,NA,NA,NA,-1.6,NA
Marco Luciano,SFG,NA,NA,NA,0.1,2.1,-2,63,1,7,6,1,0.22,NA,NA,NA,NA,NA,NA,0,0,1,0,1,0,0,1,0,-1.6,NA
Rhett Lowder,CIN,Hoosiers,2,1,-1.1,0.9,-2,NA,NA,NA,NA,NA,NA,117,6,0,93,4.65,1.35,NA,NA,NA,NA,NA,NA,NA,NA,NA,-1.6,-2.6
Wade Miley,CIN,Erie Lakers,Opt,2,-1.1,0.9,-2,NA,NA,NA,NA,NA,NA,52,3,0,34,4.93,1.46,NA,NA,NA,NA,NA,NA,NA,NA,NA,-1.6,-3.6
Tanner Rainey,PIT,NA,NA,NA,-1.1,0.9,-2,NA,NA,NA,NA,NA,NA,42,1,0,38,4.94,1.48,NA,NA,NA,NA,NA,NA,NA,NA,NA,-1.6,NA
Nacho Alvarez Jr.,ATL,Free Birds,2,1,0,2.1,-2.1,14,0,2,1,0,0.246,NA,NA,NA,NA,NA,NA,0,0,1,0,0,0,0,1,0,-2,-3
Nasim Nunez,WSN,NA,NA,NA,0,2.1,-2.1,21,0,2,1,1,0.219,NA,NA,NA,NA,NA,NA,0,0,0,0,1,0,0,1,0,-2,NA
Enmanuel Valdez,PIT,NA,NA,NA,0,2.1,-2.1,14,0,2,2,0,0.233,NA,NA,NA,NA,NA,NA,0,0,1,0,0,0,0,1,0,-2,NA
Tim Tawa,ARI,NA,NA,NA,0,2.1,-2.1,21,1,2,2,0,0.227,NA,NA,NA,NA,NA,NA,NA,NA,NA,NA,NA,NA,NA,NA,NA,-2,NA
Travis Jankowski,CHC,NA,NA,NA,0,2.1,-2.1,21,0,2,2,1,0.233,NA,NA,NA,NA,NA,NA,NA,NA,NA,NA,NA,NA,NA,NA,NA,-2,NA
Gabriel Rincones Jr.,PHI,NA,NA,NA,0,2.1,-2.1,14,0,2,2,0,0.216,NA,NA,NA,NA,NA,NA,NA,NA,NA,NA,NA,NA,NA,NA,NA,-2,NA
Tyler Callihan,CIN,NA,NA,NA,-0,2.1,-2.1,7,0,1,1,0,0.226,NA,NA,NA,NA,NA,NA,0,0,1,0,0,0,0,1,0,-2,NA
Valente Bellozo,MIA,NA,NA,1,-1.2,0.9,-2.1,NA,NA,NA,NA,NA,NA,57,2,0,41,4.86,1.41,NA,NA,NA,NA,NA,NA,NA,NA,NA,-2,-3
Diego Castillo,COL,NA,NA,NA,-1.2,0.9,-2.1,NA,NA,NA,NA,NA,NA,34,1,0,28,5.07,1.55,NA,NA,NA,NA,NA,NA,NA,NA,NA,-2,NA
Luis Peralta,COL,NA,NA,NA,-1.2,0.9,-2.1,NA,NA,NA,NA,NA,NA,61,3,2,60,4.86,1.51,NA,NA,NA,NA,NA,NA,NA,NA,NA,-2,NA
Luke Ritter,NYM,NA,NA,NA,-0.1,2.1,-2.2,14,0,1,2,0,0.195,NA,NA,NA,NA,NA,NA,NA,NA,NA,NA,NA,NA,NA,NA,NA,-2.3,NA
Kyle Hart,SDP,NA,NA,1,-1.3,0.9,-2.2,NA,NA,NA,NA,NA,NA,107,6,0,77,4.64,1.39,NA,NA,NA,NA,NA,NA,NA,NA,NA,-2.3,-3.3
Bradley Blalock,COL,NA,NA,NA,-1.6,0.9,-2.5,NA,NA,NA,NA,NA,NA,49,2,0,36,5.27,1.49,NA,NA,NA,NA,NA,NA,NA,NA,NA,-3.3,NA
German Marquez,COL,NA,NA,1,-1.7,0.9,-2.6,NA,NA,NA,NA,NA,NA,156,8,0,129,4.68,1.39,NA,NA,NA,NA,NA,NA,NA,NA,NA,-3.6,-4.6
Chase Dollander,COL,NA,NA,1,-1.9,0.9,-2.8,NA,NA,NA,NA,NA,NA,95,4,0,85,5.06,1.42,NA,NA,NA,NA,NA,NA,NA,NA,NA,-4.3,-5.3
Evan Justice,COL,NA,NA,NA,-1.9,0.9,-2.8,NA,NA,NA,NA,NA,NA,48,3,0,46,5.35,1.68,NA,NA,NA,NA,NA,NA,NA,NA,NA,-4.3,NA
Shinnosuke Ogasawara,WSN,NA,NA,NA,-2,0.9,-2.9,NA,NA,NA,NA,NA,NA,80,0,0,74,4.91,1.42,NA,NA,NA,NA,NA,NA,NA,NA,NA,-4.7,NA
Luis Mey,CIN,NA,NA,NA,-2.2,0.9,-3.1,NA,NA,NA,NA,NA,NA,42,2,0,37,5.7,1.7,NA,NA,NA,NA,NA,NA,NA,NA,NA,-5.3,NA
Ryan Feltner,COL,NA,NA,NA,-2.3,0.9,-3.1999999999999997,NA,NA,NA,NA,NA,NA,170,7,0,147,4.78,1.4,NA,NA,NA,NA,NA,NA,NA,NA,NA,-5.7,NA
Cal Quantrill,MIA,NA,NA,1,-2.4,0.9,-3.3,NA,NA,NA,NA,NA,NA,143,7,0,104,4.81,1.43,NA,NA,NA,NA,NA,NA,NA,NA,NA,-6,-7
Kyle Freeland,COL,NA,NA,1,-3,0.9,-3.9,NA,NA,NA,NA,NA,NA,152,7,0,109,5.04,1.42,NA,NA,NA,NA,NA,NA,NA,NA,NA,-8,-9
Austin Gomber,COL,NA,NA,NA,-3,0.9,-3.9,NA,NA,NA,NA,NA,NA,143,7,0,102,5.17,1.41,NA,NA,NA,NA,NA,NA,NA,NA,NA,-8,NA
Antonio Senzatela,COL,NA,NA,NA,-3.3,0.9,-4.2,NA,NA,NA,NA,NA,NA,135,6,0,85,5.07,1.47,NA,NA,NA,NA,NA,NA,NA,NA,NA,-9.1,NA
